FECHA (YYMMDD);HORA (HHMM);Registros validados;Registros preliminares;Registros no validados;
130601;0000;22,3333;;;
130602;0000;25,5833;;;
130603;0000;43,5833;;;
130604;0000;42,3333;;;
130605;0000;49,1666;;;
130606;0000;32,4583;;;
130607;0000;30,125;;;
130608;0000;19,2273;;;
130609;0000;20,4583;;;
130610;0000;29;;;
130611;0000;24,5417;;;
130612;0000;19,375;;;
130613;0000;13,9583;;;
130614;0000;16,7083;;;
130615;0000;16,2083;;;
130616;0000;18,4167;;;
130617;0000;37,375;;;
130618;0000;31,9167;;;
130619;0000;15,2917;;;
130620;0000;17,6667;;;
130621;0000;15,75;;;
130622;0000;18,4167;;;
130623;0000;30;;;
130624;0000;15,9583;;;
130625;0000;15,625;;;
130626;0000;13;;;
130627;0000;18,9167;;;
130628;0000;17,3333;;;
130629;0000;18,7391;;;
130630;0000;25,9583;;;
130701;0000;29,3333;;;
130702;0000;34;;;
130703;0000;44,2083;;;
130704;0000;37,375;;;
130705;0000;29,3333;;;
130706;0000;20,125;;;
130707;0000;18,4167;;;
130708;0000;19;;;
130709;0000;13,0417;;;
130710;0000;8,41666;;;
130711;0000;11,3333;;;
130712;0000;22,7826;;;
130713;0000;29,3333;;;
130714;0000;32,9583;;;
130715;0000;37,625;;;
130716;0000;57,4166;;;
130717;0000;56,2916;;;
130718;0000;47,875;;;
130719;0000;30,6667;;;
130720;0000;16,125;;;
130721;0000;14,9167;;;
130722;0000;9,875;;;
130723;0000;10,625;;;
130724;0000;23,5;;;
130725;0000;35,875;;;
130726;0000;39,7083;;;
130727;0000;24,1667;;;
130728;0000;23,0417;;;
130729;0000;14,7083;;;
130730;0000;;;;
130731;0000;12,5833;;;
130801;0000;9,66666;;;
130802;0000;13;;;
130803;0000;14,875;;;
130804;0000;18,7083;;;
130805;0000;29,5;;;
130806;0000;20,7917;;;
130807;0000;23,7917;;;
130808;0000;15,125;;;
130809;0000;13;;;
130810;0000;18,0454;;;
130811;0000;30,2917;;;
130812;0000;24,2917;;;
130813;0000;11,875;;;
130814;0000;24,5833;;;
130815;0000;33,8333;;;
130816;0000;17,875;;;
130817;0000;27,625;;;
130818;0000;34,2083;;;
130819;0000;29,2917;;;
130820;0000;20;;;
130821;0000;20,8333;;;
130822;0000;17;;;
130823;0000;29,7917;;;
130824;0000;24,5;;;
130825;0000;10,75;;;
130826;0000;16,375;;;
130827;0000;28,75;;;
130828;0000;25,0833;;;
130829;0000;18,5833;;;
130830;0000;16,5833;;;
130831;0000;13,4167;;;
130901;0000;13,1667;;;
130902;0000;17,875;;;
130903;0000;28,9583;;;
130904;0000;24,2083;;;
130905;0000;19,7917;;;
130906;0000;22,75;;;
130907;0000;19,2083;;;
130908;0000;26,875;;;
130909;0000;10,9167;;;
130910;0000;15,5417;;;
130911;0000;14,625;;;
130912;0000;12,5;;;
130913;0000;12,9167;;;
130914;0000;12,4583;;;
130915;0000;12,6667;;;
130916;0000;12,25;;;
130917;0000;14,875;;;
130918;0000;21,5;;;
130919;0000;29,25;;;
130920;0000;21,4167;;;
130921;0000;14,7917;;;
130922;0000;15,0833;;;
130923;0000;17,125;;;
130924;0000;18,125;;;
130925;0000;24,6667;;;
130926;0000;26;;;
130927;0000;14,625;;;
130928;0000;17,9583;;;
130929;0000;20,5417;;;
130930;0000;16,875;;;
131001;0000;15,75;;;
131002;0000;14,9583;;;
131003;0000;15,95;;;
131004;0000;;;;
131005;0000;23,6667;;;
131006;0000;18,4167;;;
131007;0000;15,1667;;;
131008;0000;12,6667;;;
131009;0000;12,5417;;;
131010;0000;12,375;;;
131011;0000;9,54166;;;
131012;0000;7,75;;;
131013;0000;6,875;;;
131014;0000;7,45833;;;
131015;0000;15,125;;;
131016;0000;17,4583;;;
131017;0000;15,375;;;
131018;0000;10,1667;;;
131019;0000;8,625;;;
131020;0000;6,04166;;;
131021;0000;8,95833;;;
131022;0000;9,45833;;;
131023;0000;6,83333;;;
131024;0000;10,375;;;
131025;0000;11,4583;;;
131026;0000;10,0417;;;
131027;0000;9,75;;;
131028;0000;12,4583;;;
131029;0000;7,33333;;;
131030;0000;8,25;;;
131031;0000;5,75;;;
131101;0000;5,83333;;;
131102;0000;10,9167;;;
131103;0000;9,91666;;;
131104;0000;18,2917;;;
131105;0000;12,875;;;
131106;0000;11;;;
131107;0000;8,25;;;
131108;0000;10,8333;;;
131109;0000;16,125;;;
131110;0000;9;;;
131111;0000;8,95833;;;
131112;0000;14,9167;;;
131113;0000;19,0833;;;
131114;0000;18,5;;;
131115;0000;12,7917;;;
131116;0000;12,5833;;;
131117;0000;13,9167;;;
131118;0000;10,5;;;
131119;0000;12,1667;;;
131120;0000;9,75;;;
131121;0000;12,4583;;;
131122;0000;11,3333;;;
131123;0000;11,25;;;
131124;0000;9,25;;;
131125;0000;10,0417;;;
131126;0000;8,5;;;
131127;0000;9,125;;;
131128;0000;10,2917;;;
131129;0000;10,375;;;
131130;0000;9,54166;;;
131201;0000;9,58333;;;
131202;0000;10,7917;;;
131203;0000;12,4583;;;
131204;0000;;;201,708;
131205;0000;;;203,136;
131206;0000;;;49,875;
131207;0000;;;44,75;
131208;0000;;;;
131209;0000;;;;
131210;0000;7;;;
131211;0000;5,79166;;;
131212;0000;6,91666;;;
131213;0000;10,875;;;
131214;0000;8,04166;;;
131215;0000;6,75;;;
131216;0000;5,875;;;
131217;0000;5,83333;;;
131218;0000;4,91666;;;
131219;0000;4,875;;;
131220;0000;4,83333;;;
131221;0000;3,66666;;;
131222;0000;6,04166;;;
131223;0000;5;;;
131224;0000;3,79166;;;
131225;0000;3,33333;;;
131226;0000;5,45833;;;
131227;0000;5,04166;;;
131228;0000;6,16666;;;
131229;0000;5,41666;;;
131230;0000;6,91666;;;
131231;0000;10,6956;;;
140101;0000;12,6667;;;
140102;0000;8,29166;;;
140103;0000;9,5;;;
140104;0000;11,5;;;
140105;0000;8,91666;;;
140106;0000;8,29166;;;
140107;0000;9,66666;;;
140108;0000;7,25;;;
140109;0000;5,70833;;;
140110;0000;9,95833;;;
140111;0000;9,79166;;;
140112;0000;13,3333;;;
140113;0000;8,70833;;;
140114;0000;7,70833;;;
140115;0000;8,54166;;;
140116;0000;9,75;;;
140117;0000;5,66666;;;
140118;0000;5,34782;;;
140119;0000;5,29166;;;
140120;0000;5,375;;;
140121;0000;6,29166;;;
140122;0000;5,58333;;;
140123;0000;6,33333;;;
140124;0000;6,29166;;;
140125;0000;7,08333;;;
140126;0000;6,85;;;
140127;0000;6,54166;;;
140128;0000;7,91666;;;
140129;0000;13,1667;;;
140130;0000;10,1667;;;
140131;0000;9,13043;;;
140201;0000;10,2917;;;
140202;0000;12,125;;;
140203;0000;12,2917;;;
140204;0000;10,9167;;;
140205;0000;11,1667;;;
140206;0000;11,625;;;
140207;0000;11,875;;;
140208;0000;12,0417;;;
140209;0000;11,7917;;;
140210;0000;14,0833;;;
140211;0000;13,2917;;;
140212;0000;9,375;;;
140213;0000;9,45833;;;
140214;0000;8,875;;;
140215;0000;8,54166;;;
140216;0000;7,25;;;
140217;0000;7,95833;;;
140218;0000;8,04166;;;
140219;0000;8,25;;;
140220;0000;9,125;;;
140221;0000;10,7917;;;
140222;0000;11;;;
140223;0000;10,3158;;;
140224;0000;;;;
140225;0000;9,04166;;;
140226;0000;9,5;;;
140227;0000;9,95833;;;
140228;0000;8,70833;;;
140301;0000;9,58333;;;
140302;0000;10,0833;;;
140303;0000;9,5;;;
140304;0000;8,95833;;;
140305;0000;9;;;
140306;0000;8,86363;;;
140307;0000;10,125;;;
140308;0000;14,0833;;;
140309;0000;13,3333;;;
140310;0000;14,9583;;;
140311;0000;9,75;;;
140312;0000;9,44444;;;
140313;0000;;;;
140314;0000;7,625;;;
140315;0000;10,0833;;;
140316;0000;10;;;
140317;0000;6,45833;;;
140318;0000;9,5;;;
140319;0000;10,0417;;;
140320;0000;7,58333;;;
140321;0000;8,21738;;;
140322;0000;10,1667;;;
140323;0000;9,33333;;;
140324;0000;8,66666;;;
140325;0000;10;;;
140326;0000;9;;;
140327;0000;8,31818;;;
140328;0000;8,29166;;;
140329;0000;6,20833;;;
140330;0000;8,5;;;
140331;0000;9,875;;;
140401;0000;10,2083;;;
140402;0000;7,20833;;;
140403;0000;7,125;;;
140404;0000;5,125;;;
140405;0000;10,2083;;;
140406;0000;10,4583;;;
140407;0000;10,9583;;;
140408;0000;11,125;;;
140409;0000;13,4583;;;
140410;0000;12,5417;;;
140411;0000;12,5833;;;
140412;0000;16,3333;;;
140413;0000;19,2917;;;
140414;0000;19,0833;;;
140415;0000;17,6667;;;
140416;0000;20,625;;;
140417;0000;17,375;;;
140418;0000;14,2083;;;
140419;0000;12,625;;;
140420;0000;17,4583;;;
140421;0000;20,5;;;
140422;0000;26,8333;;;
140423;0000;21,875;;;
140424;0000;19,7917;;;
140425;0000;19,9583;;;
140426;0000;15,8333;;;
140427;0000;9,875;;;
140428;0000;10,2917;;;
140429;0000;8,91304;;;
140430;0000;7,41666;;;
140501;0000;7;;;
140502;0000;12,1667;;;
140503;0000;16,3333;;;
140504;0000;12,5;;;
140505;0000;11,375;;;
140506;0000;15,8696;;;
140507;0000;11,625;;;
140508;0000;19,7917;;;
140509;0000;19,75;;;
140510;0000;17,3333;;;
140511;0000;12,25;;;
140512;0000;8,16666;;;
140513;0000;9;;;
140514;0000;11,5833;;;
140515;0000;15,9583;;;
140516;0000;17,4583;;;
140517;0000;15,0833;;;
140518;0000;17,125;;;
140519;0000;24,7083;;;
140520;0000;24,6667;;;
140521;0000;14,375;;;
140522;0000;10;;;
140523;0000;8,375;;;
140524;0000;7,5;;;
140525;0000;6;;;
140526;0000;11,9167;;;
140527;0000;25,75;;;
140528;0000;18,75;;;
140529;0000;15,9167;;;
140530;0000;12;;;
140531;0000;13,7083;;;
140601;0000;;;198,952;
140602;0000;20,2;;;
140603;0000;17,6667;;;
140604;0000;10,8095;;;
140605;0000;11,4583;;;
140606;0000;8,41666;;;
140607;0000;6,875;;;
140608;0000;7,08695;;;
140609;0000;14,381;;;
140610;0000;18;;;
140611;0000;19,2083;;;
140612;0000;12,5;;;
140613;0000;12,6667;;;
140614;0000;13,5833;;;
140615;0000;25,5833;;;
140616;0000;22,9583;;;
140617;0000;15,625;;;
140618;0000;15,5;;;
140619;0000;16,7083;;;
140620;0000;15,0417;;;
140621;0000;14,125;;;
140622;0000;11,1667;;;
140623;0000;16,0833;;;
140624;0000;17,0833;;;
140625;0000;10;;;
140626;0000;7,20833;;;
140627;0000;13,7917;;;
140628;0000;12,9167;;;
140629;0000;18,75;;;
140630;0000;23,2917;;;
140701;0000;15,3043;;;
140702;0000;;;7,05;
140703;0000;;;;
140704;0000;;;;
140705;0000;6,75;;;
140706;0000;12,7083;;;
140707;0000;25,4167;;;
140708;0000;30,2917;;;
140709;0000;25;;;
140710;0000;24,25;;;
140711;0000;19,3333;;;
140712;0000;14,625;;;
140713;0000;15,5833;;;
140714;0000;17;;;
140715;0000;15,4167;;;
140716;0000;20,7083;;;
140717;0000;18,8333;;;
140718;0000;26,75;;;
140719;0000;26,1667;;;
140720;0000;32,0416;;;
140721;0000;25,4167;;;
140722;0000;13;;;
140723;0000;;;4,75;
140724;0000;10,6522;;;
140725;0000;13,4762;;;
140726;0000;18,75;;;
140727;0000;15,5833;;;
140728;0000;16,0833;;;
140729;0000;15,4583;;;
140730;0000;16,7083;;;
140731;0000;28,875;;;
140801;0000;38,25;;;
140802;0000;37,5;;;
140803;0000;25,9583;;;
140804;0000;26,0417;;;
140805;0000;30,3333;;;
140806;0000;19,25;;;
140807;0000;14,4583;;;
140808;0000;14,8333;;;
140809;0000;12,4167;;;
140810;0000;10,125;;;
140811;0000;12,9583;;;
140812;0000;16,75;;;
140813;0000;;;386,917;
140814;0000;;;428,875;
140815;0000;21,1667;;;
140816;0000;16,3333;;;
140817;0000;20,2083;;;
140818;0000;21,3333;;;
140819;0000;14,7083;;;
140820;0000;11,7917;;;
140821;0000;9,625;;;
140822;0000;6,56522;;;
140823;0000;9,04166;;;
140824;0000;5,375;;;
140825;0000;13,625;;;
140826;0000;20,5;;;
140827;0000;18,6667;;;
140828;0000;17,4583;;;
140829;0000;19,875;;;
140830;0000;19,75;;;
140831;0000;13,9167;;;
140901;0000;9,5;;;
140902;0000;7,29166;;;
140903;0000;8,16666;;;
140904;0000;8,125;;;
140905;0000;10,0417;;;
140906;0000;12,1667;;;
140907;0000;20,0833;;;
140908;0000;;;472,884;
140909;0000;;;340,006;
140910;0000;8,66666;;;
140911;0000;13;;;
140912;0000;15,2083;;;
140913;0000;8,625;;;
140914;0000;8,66666;;;
140915;0000;21,2083;;;
140916;0000;16,5652;;;
140917;0000;10,375;;;
140918;0000;8,5;;;
140919;0000;9,375;;;
140920;0000;11,625;;;
140921;0000;15,9583;;;
140922;0000;11,3333;;;
140923;0000;8;;;
140924;0000;9,95833;;;
140925;0000;8;;;
140926;0000;7,16666;;;
140927;0000;8,375;;;
140928;0000;7,83333;;;
140929;0000;8,13635;;;
140930;0000;4,82608;;;
141001;0000;9,58333;;;
141002;0000;7,625;;;
141003;0000;6,95833;;;
141004;0000;7,375;;;
141005;0000;4,45833;;;
141006;0000;5,875;;;
141007;0000;6,125;;;
141008;0000;6,26086;;;
141009;0000;8,04166;;;
141010;0000;11,0833;;;
141011;0000;15,0417;;;
141012;0000;17,125;;;
141013;0000;13,2917;;;
141014;0000;16,8333;;;
141015;0000;16,3333;;;
141016;0000;10,7083;;;
141017;0000;14,4583;;;
141018;0000;10,875;;;
141019;0000;8,16666;;;
141020;0000;12,6087;;;
141021;0000;15,0417;;;
141022;0000;16,0833;;;
141023;0000;15,125;;;
141024;0000;13,5833;;;
141025;0000;11,7917;;;
141026;0000;5,91666;;;
141027;0000;7,70833;;;
141028;0000;7,41666;;;
141029;0000;8,125;;;
141030;0000;9,5;;;
141031;0000;7,61366;;;
141101;0000;7,6265;;;
141102;0000;8,34332;;;
141103;0000;8,03827;;;
141104;0000;9,43915;;;
141105;0000;12,8649;;;
141106;0000;8,01663;;;
141107;0000;11,6042;;;
141108;0000;11,666;;;
141109;0000;10,4193;;;
141110;0000;11,7612;;;
141111;0000;9,5042;;;
141112;0000;9,81549;;;
141113;0000;10,1982;;;
141114;0000;8,63324;;;
141115;0000;9,01903;;;
141116;0000;9,13649;;;
141117;0000;10,6609;;;
141118;0000;7,36233;;;
141119;0000;6,03366;;;
141120;0000;5,55333;;;
141121;0000;5,60762;;;
141122;0000;6,73024;;;
141123;0000;7,47115;;;
141124;0000;6,49283;;;
141125;0000;;;6,39415;
141126;0000;8,6779;;;
141127;0000;8,80978;;;
141128;0000;7,93882;;;
141129;0000;6,59799;;;
141130;0000;6,28499;;;
141201;0000;9,02866;;;
141202;0000;10,1264;;;
141203;0000;10,5789;;;
141204;0000;16,3629;;;
141205;0000;14,3003;;;
141206;0000;7,94341;;;
141207;0000;5,7352;;;
141208;0000;6,85895;;;
141209;0000;11,7356;;;
141210;0000;7,80107;;;
141211;0000;7,87303;;;
141212;0000;7,4449;;;
141213;0000;5,42795;;;
141214;0000;6,71603;;;
141215;0000;5,87362;;;
141216;0000;5,81941;;;
141217;0000;5,12737;;;
141218;0000;6,88879;;;
141219;0000;9,37242;;;
141220;0000;8,02032;;;
141221;0000;5,75712;;;
141222;0000;7,11124;;;
141223;0000;9,84474;;;
141224;0000;9,73486;;;
141225;0000;8,58502;;;
141226;0000;6,5767;;;
141227;0000;6,34986;;;
141228;0000;5,74895;;;
141229;0000;8,91219;;;
141230;0000;8,82861;;;
141231;0000;19,6281;;;
150101;0000;11,5833;;;
150102;0000;10,9583;;;
150103;0000;8,95833;;;
150104;0000;6,29166;;;
150105;0000;7,875;;;
150106;0000;7,625;;;
150107;0000;6,33333;;;
150108;0000;6,58333;;;
150109;0000;6,79166;;;
150110;0000;6,625;;;
150111;0000;7,125;;;
150112;0000;5,95833;;;
150113;0000;8;;;
150114;0000;8,5;;;
150115;0000;8,5;;;
150116;0000;6,625;;;
150117;0000;7,33333;;;
150118;0000;7,125;;;
150119;0000;13,1667;;;
150120;0000;10;;;
150121;0000;7,25;;;
150122;0000;6,17391;;;
150123;0000;6,54166;;;
150124;0000;8,54166;;;
150125;0000;6;;;
150126;0000;4,95833;;;
150127;0000;6,125;;;
150128;0000;6,5;;;
150129;0000;;;;
150130;0000;6,70833;;;
150131;0000;8,90475;;;
150201;0000;4,875;;;
150202;0000;6,95833;;;
150203;0000;9,58333;;;
150204;0000;8,79166;;;
150205;0000;10,4167;;;
150206;0000;8,5;;;
150207;0000;8,75;;;
150208;0000;6,45833;;;
150209;0000;7,91666;;;
150210;0000;6,22222;;;
150211;0000;5,0909;;;
150212;0000;6,54166;;;
150213;0000;5,91666;;;
150214;0000;6,66666;;;
150215;0000;9,16666;;;
150216;0000;9,875;;;
150217;0000;10,5417;;;
150218;0000;8,125;;;
150219;0000;10,1667;;;
150220;0000;11,8333;;;
150221;0000;11;;;
150222;0000;8;;;
150223;0000;6,83333;;;
150224;0000;7,20833;;;
150225;0000;6,83333;;;
150226;0000;9,16666;;;
150227;0000;7,5;;;
150228;0000;6,08333;;;
150301;0000;6,89999;;;
150302;0000;;;;
150303;0000;5;;;
150304;0000;8,875;;;
150305;0000;7,54166;;;
150306;0000;8,25;;;
150307;0000;11,1667;;;
150308;0000;5,04166;;;
150309;0000;10,2083;;;
150310;0000;11,2083;;;
150311;0000;15,0417;;;
150312;0000;12,2083;;;
150313;0000;13,0833;;;
150314;0000;11,4583;;;
150315;0000;9,625;;;
150316;0000;13,375;;;
150317;0000;10,3333;;;
150318;0000;7,41666;;;
150319;0000;5,66666;;;
150320;0000;6,83333;;;
150321;0000;6,70833;;;
150322;0000;9,45833;;;
150323;0000;10,375;;;
150324;0000;6,08333;;;
150325;0000;4,625;;;
150326;0000;8,5;;;
150327;0000;17,25;;;
150328;0000;10,2917;;;
150329;0000;;;;
150330;0000;11,4583;;;
150331;0000;12,2083;;;
150401;0000;13,25;;;
150402;0000;11,2917;;;
150403;0000;8,70833;;;
150404;0000;9,375;;;
150405;0000;7;;;
150406;0000;9,125;;;
150407;0000;8,70833;;;
150408;0000;;;;
150409;0000;6,75;;;
150410;0000;11,4167;;;
150411;0000;15,0417;;;
150412;0000;16,25;;;
150413;0000;16,1667;;;
150414;0000;8,91666;;;
150415;0000;11,9167;;;
150416;0000;13,7917;;;
150417;0000;11;;;
150418;0000;14,75;;;
150419;0000;15,15;;;
150420;0000;;;;
150421;0000;8,70833;;;
150422;0000;9,08333;;;
150423;0000;11,2083;;;
150424;0000;11,1667;;;
150425;0000;13,7083;;;
150426;0000;13,5417;;;
150427;0000;9,29166;;;
150428;0000;;;;
150429;0000;;;;
150430;0000;23,5833;;;
150501;0000;24,7917;;;
150502;0000;22,1667;;;
150503;0000;19,75;;;
150504;0000;16,5454;;;
150505;0000;16,7083;;;
150506;0000;19,4167;;;
150507;0000;19,0417;;;
150508;0000;18,9167;;;
150509;0000;12,9583;;;
150510;0000;15,3333;;;
150511;0000;19,4167;;;
150512;0000;22;;;
150513;0000;15,9583;;;
150514;0000;18,0833;;;
150515;0000;16,5641;;;
150516;0000;18,3827;;;
150517;0000;11,2069;;;
150518;0000;14,5071;;;
150519;0000;15,2946;;;
150520;0000;10,9644;;;
150521;0000;10,01;;;
150522;0000;11,5046;;;
150523;0000;11,8161;;;
150524;0000;12,5485;;;
150525;0000;17,89;;;
150526;0000;15,3384;;;
150527;0000;13,4073;;;
150528;0000;14,6512;;;
150529;0000;13,5316;;;
150530;0000;13,4004;;;
150531;0000;15,5392;;;
150601;0000;14,0721;;;
150602;0000;18,1662;;;
150603;0000;24,8029;;;
150604;0000;;;;
150605;0000;;;;
150606;0000;26,8404;;;
150607;0000;28,9933;;;
150608;0000;24,8946;;;
150609;0000;20,6175;;;
150610;0000;19,2533;;;
150611;0000;19,5541;;;
150612;0000;18,8268;;;
150613;0000;15,2242;;;
150614;0000;13,9921;;;
150615;0000;16,9104;;;
150616;0000;19,63;;;
150617;0000;17,935;;;
150618;0000;16,9724;;;
150619;0000;23,2441;;;
150620;0000;29,8475;;;
150621;0000;25,1245;;;
150622;0000;22,6291;;;
150623;0000;20,1286;;;
150624;0000;22,2591;;;
150625;0000;15,4436;;;
150626;0000;19,3159;;;
150627;0000;19,6646;;;
150628;0000;19,1796;;;
150629;0000;15,0864;;;
150630;0000;17,1529;;;
150701;0000;19,2325;;;
150702;0000;20,5104;;;
150703;0000;20,2666;;;
150704;0000;18,1929;;;
150705;0000;15,5587;;;
150706;0000;18,215;;;
150707;0000;10,6538;;;
150708;0000;12,7885;;;
150709;0000;18,9946;;;
150710;0000;19,58;;;
150711;0000;14,176;;;
150712;0000;20,0491;;;
150713;0000;10,0237;;;
150714;0000;7,33058;;;
150715;0000;10,9177;;;
150716;0000;10,5571;;;
150717;0000;15,469;;;
150718;0000;15,4672;;;
150719;0000;11,0149;;;
150720;0000;11,7949;;;
150721;0000;13,5096;;;
150722;0000;17,8078;;;
150723;0000;17,0422;;;
150724;0000;15,488;;;
150725;0000;16,5849;;;
150726;0000;;;;
150727;0000;;;;
150728;0000;12,0087;;;
150729;0000;13,995;;;
150730;0000;14,0489;;;
150731;0000;12,2498;;;
150801;0000;15,5793;;;
150802;0000;14,7993;;;
150803;0000;20,1804;;;
150804;0000;18,8983;;;
150805;0000;21,774;;;
150806;0000;18,972;;;
150807;0000;19,4604;;;
150808;0000;12,119;;;
150809;0000;4,67608;;;
150810;0000;8,46794;;;
150811;0000;11,9321;;;
150812;0000;11,1175;;;
150813;0000;11,9667;;;
150814;0000;8,19319;;;
150815;0000;14,5549;;;
150816;0000;12,2517;;;
150817;0000;13,4014;;;
150818;0000;15,6829;;;
150819;0000;22,6887;;;
150820;0000;16,1266;;;
150821;0000;13,4888;;;
150822;0000;9,08678;;;
150823;0000;11,818;;;
150824;0000;17,2332;;;
150825;0000;15,9197;;;
150826;0000;12,8092;;;
150827;0000;18,5858;;;
150828;0000;21,4671;;;
150829;0000;15,2524;;;
150830;0000;19,0183;;;
150831;0000;21,4937;;;
150901;0000;23,9785;;;
150902;0000;18,3813;;;
150903;0000;17,4635;;;
150904;0000;16,704;;;
150905;0000;11,1324;;;
150906;0000;10,121;;;
150907;0000;8,76474;;;
150908;0000;9,87053;;;
150909;0000;7,58237;;;
150910;0000;7,78553;;;
150911;0000;12,677;;;
150912;0000;13,1056;;;
150913;0000;19,6456;;;
150914;0000;16,6523;;;
150915;0000;12,6825;;;
150916;0000;;;;
150917;0000;9,31311;;;
150918;0000;9,27841;;;
150919;0000;10,8395;;;
150920;0000;13,2899;;;
150921;0000;10,1809;;;
150922;0000;8,51982;;;
150923;0000;9,35185;;;
150924;0000;7,37266;;;
150925;0000;15,9192;;;
150926;0000;9,18748;;;
150927;0000;12,035;;;
150928;0000;18,8318;;;
150929;0000;15,7407;;;
150930;0000;15,286;;;
151001;0000;11,8896;;;
151002;0000;10,5168;;;
151003;0000;11,8998;;;
151004;0000;8,89745;;;
151005;0000;12,9457;;;
151006;0000;10,1625;;;
151007;0000;13,4784;;;
151008;0000;10,9339;;;
151009;0000;13,165;;;
151010;0000;8,02336;;;
151011;0000;10,2491;;;
151012;0000;16,8047;;;
151013;0000;17,4877;;;
151014;0000;14,9025;;;
151015;0000;12,8648;;;
151016;0000;11,7687;;;
151017;0000;10,6411;;;
151018;0000;12,1243;;;
151019;0000;11,2247;;;
151020;0000;11,1014;;;
151021;0000;9,48569;;;
151022;0000;13,7598;;;
151023;0000;12,24;;;
151024;0000;12,8482;;;
151025;0000;7,75182;;;
151026;0000;10,3271;;;
151027;0000;9,51111;;;
151028;0000;8,22261;;;
151029;0000;8,57014;;;
151030;0000;14,0688;;;
151031;0000;10,7496;;;
151101;0000;10,5572;;;
151102;0000;10,8419;;;
151103;0000;10,3149;;;
151104;0000;13,2605;;;
151105;0000;11,6785;;;
151106;0000;11,5072;;;
151107;0000;8,79828;;;
151108;0000;10,0737;;;
151109;0000;10,7279;;;
151110;0000;10,4461;;;
151111;0000;7,40495;;;
151112;0000;10,1461;;;
151113;0000;8,10315;;;
151114;0000;8,95103;;;
151115;0000;10,3109;;;
151116;0000;9,83472;;;
151117;0000;9,88521;;;
151118;0000;8,65323;;;
151119;0000;7,83385;;;
151120;0000;5,14345;;;
151121;0000;3,82158;;;
151122;0000;2,74204;;;
151123;0000;4,66791;;;
151124;0000;5,28339;;;
151125;0000;5,35483;;;
151126;0000;2,30883;;;
151127;0000;3,0437;;;
151128;0000;6,72711;;;
151129;0000;8,2339;;;
151130;0000;8,24361;;;
151201;0000;6,43491;;;
151202;0000;4,84679;;;
151203;0000;5,9827;;;
151204;0000;4,3697;;;
151205;0000;4,42116;;;
151206;0000;2,96975;;;
151207;0000;2,87246;;;
151208;0000;2,25146;;;
151209;0000;4,27349;;;
151210;0000;4,60908;;;
151211;0000;6,11829;;;
151212;0000;5,46424;;;
151213;0000;2,11025;;;
151214;0000;2,88833;;;
151215;0000;3,35387;;;
151216;0000;3,64029;;;
151217;0000;2,74304;;;
151218;0000;2,43071;;;
151219;0000;4,75928;;;
151220;0000;5,12936;;;
151221;0000;5,31578;;;
151222;0000;5,74999;;;
151223;0000;3,53636;;;
151224;0000;5,84728;;;
151225;0000;4,82079;;;
151226;0000;5,54241;;;
151227;0000;5,41266;;;
151228;0000;5,32707;;;
151229;0000;2,63231;;;
151230;0000;2,83737;;;
151231;0000;4,67412;;;
160101;0000;3,87166;;;
160102;0000;2,97558;;;
160103;0000;4,62466;;;
160104;0000;6,52207;;;
160105;0000;6,26595;;;
160106;0000;4,50037;;;
160107;0000;4,77541;;;
160108;0000;3,15383;;;
160109;0000;2,84612;;;
160110;0000;1,542;;;
160111;0000;2,94258;;;
160112;0000;3,02295;;;
160113;0000;4,49329;;;
160114;0000;3,18128;;;
160115;0000;2,93255;;;
160116;0000;4,10812;;;
160117;0000;5,51091;;;
160118;0000;8,69107;;;
160119;0000;5,82045;;;
160120;0000;4,40916;;;
160121;0000;5,24212;;;
160122;0000;3,5247;;;
160123;0000;4,36707;;;
160124;0000;2,37837;;;
160125;0000;3,94462;;;
160126;0000;;;;
160127;0000;4,58941;;;
160128;0000;4,93433;;;
160129;0000;;;2,57166;
160130;0000;;;1;
160131;0000;;;1,07896;
160201;0000;;;3,28883;
160202;0000;6,59303;;;
160203;0000;5,31099;;;
160204;0000;6,44762;;;
160205;0000;5,94891;;;
160206;0000;6,39891;;;
160207;0000;5,04565;;;
160208;0000;6,22303;;;
160209;0000;7,66168;;;
160210;0000;7,33207;;;
160211;0000;6,73078;;;
160212;0000;6,09078;;;
160213;0000;7,59328;;;
160214;0000;6,96866;;;
160215;0000;7,26415;;;
160216;0000;9,21344;;;
160217;0000;9,01169;;;
160218;0000;6,22766;;;
160219;0000;9,10861;;;
160220;0000;12,6017;;;
160221;0000;15,8325;;;
160222;0000;20,5545;;;
160223;0000;14,3327;;;
160224;0000;11,7116;;;
160225;0000;10,6966;;;
160226;0000;10,1842;;;
160227;0000;10,2839;;;
160228;0000;8,33011;;;
160229;0000;9,71048;;;
160301;0000;10,5628;;;
160302;0000;8,53424;;;
160303;0000;9,6524;;;
160304;0000;9,11319;;;
160305;0000;9,54828;;;
160306;0000;10,3958;;;
160307;0000;12,2614;;;
160308;0000;8,02531;;;
160309;0000;8,3277;;;
160310;0000;9,35452;;;
160311;0000;8,70711;;;
160312;0000;7,63749;;;
160313;0000;6,35783;;;
160314;0000;5,4343;;;
160315;0000;5,02095;;;
160316;0000;6,83703;;;
160317;0000;5,62699;;;
160318;0000;6,58803;;;
160319;0000;5,72974;;;
160320;0000;10,5194;;;
160321;0000;8,24266;;;
160322;0000;8,13753;;;
160323;0000;7,90507;;;
160324;0000;8,65123;;;
160325;0000;10,0718;;;
160326;0000;12,1601;;;
160327;0000;9,6032;;;
160328;0000;10,5744;;;
160329;0000;11,7834;;;
160330;0000;11,806;;;
160331;0000;8,21298;;;
160401;0000;13,0729;;;
160402;0000;9,35269;;;
160403;0000;7,7429;;;
160404;0000;7,06495;;;
160405;0000;;6,06478;;
160406;0000;;3,72908;;
160407;0000;5,97033;;;
160408;0000;7,30041;;;
160409;0000;7,5269;;;
160410;0000;6,41345;;;
160411;0000;6,9842;;;
160412;0000;8,11282;;;
160413;0000;8,03015;;;
160414;0000;7,83049;;;
160415;0000;8,90236;;;
160416;0000;7,01612;;;
160417;0000;7,01112;;;
160418;0000;5,25262;;;
160419;0000;5,24666;;;
160420;0000;5,25033;;;
160421;0000;5,53095;;;
160422;0000;11,207;;;
160423;0000;6,12428;;;
160424;0000;9,17769;;;
160425;0000;10,2794;;;
160426;0000;8,10078;;;
160427;0000;14,5606;;;
160428;0000;11,2807;;;
160429;0000;11,0905;;;
160430;0000;16,3705;;;
160501;0000;16,6604;;;
160502;0000;14,5206;;;
160503;0000;15,7735;;;
160504;0000;17,7775;;;
160505;0000;14,6188;;;
160506;0000;10,353;;;
160507;0000;12,0784;;;
160508;0000;9,88344;;;
160509;0000;7,32153;;;
160510;0000;10,9169;;;
160511;0000;9,11673;;;
160512;0000;9,49268;;;
160513;0000;14,9333;;;
160514;0000;15,9257;;;
160515;0000;6,75449;;;
160516;0000;8,51836;;;
160517;0000;8,2059;;;
160518;0000;8,36832;;;
160519;0000;8,04211;;;
160520;0000;7,89991;;;
160521;0000;9,30615;;;
160522;0000;10,7664;;;
160523;0000;14,4738;;;
160524;0000;14,8429;;;
160525;0000;11,9218;;;
160526;0000;11,3962;;;
160527;0000;10,0179;;;
160528;0000;7,77378;;;
160529;0000;10,1011;;;
160530;0000;12,8557;;;
160531;0000;10,8197;;;
160601;0000;12,6766;;;
160602;0000;12,3423;;;
160603;0000;14,0482;;;
160604;0000;12,4091;;;
160605;0000;8,93047;;;
160606;0000;9,43602;;;
160607;0000;10,9122;;;
160608;0000;11,5162;;;
160609;0000;14,9848;;;
160610;0000;15,53;;;
160611;0000;19,9608;;;
160612;0000;15,7631;;;
160613;0000;20,081;;;
160614;0000;17,817;;;
160615;0000;13,2463;;;
160616;0000;15,1109;;;
160617;0000;19,3316;;;
160618;0000;21,7229;;;
160619;0000;15,5488;;;
160620;0000;10,7181;;;
160621;0000;14,7133;;;
160622;0000;14,8343;;;
160623;0000;16,9632;;;
160624;0000;20,2796;;;
160625;0000;9,73936;;;
160626;0000;14,971;;;
160627;0000;14,0155;;;
160628;0000;22,3162;;;
160629;0000;15,8604;;;
160630;0000;16,0178;;;
160701;0000;19,7287;;;
160702;0000;12,9713;;;
160703;0000;5,53699;;;
160704;0000;8,05165;;;
160705;0000;9,50208;;;
160706;0000;10,6346;;;
160707;0000;17,4004;;;
160708;0000;18,775;;;
160709;0000;17,1066;;;
160710;0000;12,5336;;;
160711;0000;11,3953;;;
160712;0000;10,6141;;;
160713;0000;8,19237;;;
160714;0000;6,87286;;;
160715;0000;8,06516;;;
160716;0000;6,43162;;;
160717;0000;16,3759;;;
160718;0000;10,4524;;;
160719;0000;9,70845;;;
160720;0000;11,0302;;;
160721;0000;14,6606;;;
160722;0000;21,4237;;;
160723;0000;17,9287;;;
160724;0000;15,9238;;;
160725;0000;12,9386;;;
160726;0000;8,57835;;;
160727;0000;12,0129;;;
160728;0000;10,7021;;;
160729;0000;13,1736;;;
160730;0000;20,275;;;
160731;0000;12,9164;;;
160801;0000;13,402;;;
160802;0000;17,1673;;;
160803;0000;13,5215;;;
160804;0000;12,0254;;;
160805;0000;15,2979;;;
160806;0000;12,0594;;;
160807;0000;10,8328;;;
160808;0000;8,9227;;;
160809;0000;9,1454;;;
160810;0000;11,2104;;;
160811;0000;8,64445;;;
160812;0000;9,50798;;;
160813;0000;8,39319;;;
160814;0000;9,00465;;;
160815;0000;9,85428;;;
160816;0000;17,093;;;
160817;0000;11,2334;;;
160818;0000;9,72063;;;
160819;0000;10,4212;;;
160820;0000;15,5979;;;
160821;0000;12,5284;;;
160822;0000;10,6771;;;
160823;0000;10,1831;;;
160824;0000;13,0942;;;
160825;0000;6,42999;;;
160826;0000;6,4172;;;
160827;0000;5,91112;;;
160828;0000;6,56966;;;
160829;0000;;5,80233;;
160830;0000;;12,4065;;
160831;0000;;14,3025;;
160901;0000;12,2196;;;
160902;0000;6,90583;;;
160903;0000;6,38483;;;
160904;0000;7,07845;;;
160905;0000;11,6386;;;
160906;0000;15,0005;;;
160907;0000;14,0131;;;
160908;0000;12,1662;;;
160909;0000;12,9086;;;
160910;0000;13,4489;;;
160911;0000;9,68925;;;
160912;0000;8,53284;;;
160913;0000;6,12758;;;
160914;0000;11,8704;;;
160915;0000;9,72874;;;
160916;0000;10,684;;;
160917;0000;10,1498;;;
160918;0000;12,4587;;;
160919;0000;14,9279;;;
160920;0000;15,375;;;
160921;0000;13,4487;;;
160922;0000;12,0522;;;
160923;0000;8,1608;;;
160924;0000;8,59625;;;
160925;0000;5,83087;;;
160926;0000;7,47952;;;
160927;0000;9,85971;;;
160928;0000;11,1198;;;
160929;0000;8,08733;;;
160930;0000;6,93842;;;
161001;0000;7,5505;;;
161002;0000;4,37704;;;
161003;0000;6,16988;;;
161004;0000;4,69783;;;
161005;0000;9,66104;;;
161006;0000;6,14037;;;
161007;0000;4,25188;;;
161008;0000;4,05304;;;
161009;0000;3,6835;;;
161010;0000;6,01321;;;
161011;0000;7,77766;;;
161012;0000;8,43208;;;
161013;0000;7,95035;;;
161014;0000;10,7716;;;
161015;0000;7,79725;;;
161016;0000;4,35121;;;
161017;0000;5,00784;;;
161018;0000;6,38992;;;
161019;0000;;;;
161020;0000;;;;
161021;0000;7,35587;;;
161022;0000;9,17958;;;
161023;0000;5,2245;;;
161024;0000;5,47633;;;
161025;0000;6,07125;;;
161026;0000;7,742;;;
161027;0000;7,29942;;;
161028;0000;6,0023;;;
161029;0000;6,98454;;;
161030;0000;6,64034;;;
161031;0000;5,892;;;
161101;0000;4,74404;;;
161102;0000;5,83621;;;
161103;0000;7,93075;;;
161104;0000;7,23454;;;
161105;0000;8,67821;;;
161106;0000;6,46484;;;
161107;0000;5,32992;;;
161108;0000;3,68412;;;
161109;0000;4,26087;;;
161110;0000;3,84138;;;
161111;0000;7,96562;;;
161112;0000;6,65575;;;
161113;0000;3,49063;;;
161114;0000;4,98158;;;
161115;0000;7,31446;;;
161116;0000;5,28516;;;
161117;0000;7,31963;;;
161118;0000;10,9526;;;
161119;0000;8,63326;;;
161120;0000;6,64;;;
161121;0000;5,93921;;;
161122;0000;5,8795;;;
161123;0000;5,47892;;;
161124;0000;4,41904;;;
161125;0000;4,42062;;;
161126;0000;3,43513;;;
161127;0000;3,80417;;;
161128;0000;6,15442;;;
161129;0000;6,76691;;;
161130;0000;7,49175;;;
161201;0000;6,43608;;;
161202;0000;6,21062;;;
161203;0000;3,52221;;;
161204;0000;5,40559;;;
161205;0000;5,39687;;;
161206;0000;4,79779;;;
161207;0000;4,88963;;;
161208;0000;4,00462;;;
161209;0000;2,13233;;;
161210;0000;2,12729;;;
161211;0000;3,38433;;;
161212;0000;6,18329;;;
161213;0000;5,00179;;;
161214;0000;6,22533;;;
161215;0000;5,15583;;;
161216;0000;5,73354;;;
161217;0000;5,13959;;;
161218;0000;5,51771;;;
161219;0000;7,89567;;;
161220;0000;8,46738;;;
161221;0000;7,81617;;;
161222;0000;7,73296;;;
161223;0000;7,48996;;;
161224;0000;6,02991;;;
161225;0000;4,48925;;;
161226;0000;;;;
161227;0000;3,16592;;;
161228;0000;6,18242;;;
161229;0000;5,73683;;;
161230;0000;3,96071;;;
161231;0000;11,32;;;
170101;0000;11,0674;;;
170102;0000;3,56113;;;
170103;0000;3,01729;;;
170104;0000;3,75838;;;
170105;0000;6,94738;;;
170106;0000;;;;
170107;0000;;;;
170108;0000;;;;
170109;0000;3,17838;;;
170110;0000;4,18667;;;
170111;0000;4,08671;;;
170112;0000;3,21467;;;
170113;0000;3,17333;;;
170114;0000;5,66942;;;
170115;0000;4,55988;;;
170116;0000;3,92404;;;
170117;0000;3,56237;;;
170118;0000;2,24163;;;
170119;0000;2,04013;;;
170120;0000;3,05088;;;
170121;0000;4,35313;;;
170122;0000;7,33446;;;
170123;0000;9,10454;;;
170124;0000;9,48045;;;
170125;0000;11,4037;;;
170126;0000;11,2766;;;
170127;0000;12,0644;;;
170128;0000;7,68083;;;
170129;0000;10,8545;;;
170130;0000;9,27;;;
170131;0000;8,79962;;;
170201;0000;11,5485;;;
170202;0000;10,3878;;;
170203;0000;10,0692;;;
170204;0000;8,69354;;;
170205;0000;5,92059;;;
170206;0000;5,22483;;;
170207;0000;6,09221;;;
170208;0000;6,62563;;;
170209;0000;8,29587;;;
170210;0000;9,43755;;;
170211;0000;9,08154;;;
170212;0000;7,32088;;;
170213;0000;5,95663;;;
170214;0000;11,7455;;;
170215;0000;10,1794;;;
170216;0000;5,03538;;;
170217;0000;5,06842;;;
170218;0000;4,57283;;;
170219;0000;3,55904;;;
170220;0000;5,45875;;;
170221;0000;6,88508;;;
170222;0000;7,44725;;;
170223;0000;4,77412;;;
170224;0000;8,78421;;;
170225;0000;11,0501;;;
170226;0000;8,69971;;;
170227;0000;7,91083;;;
170228;0000;4,12862;;;
170301;0000;3,39321;;;
170302;0000;3,09683;;;
170303;0000;6,47679;;;
170304;0000;;;;
170305;0000;;;;
170306;0000;7,58746;;;
170307;0000;6,77258;;;
170308;0000;8,01163;;;
170309;0000;9,01208;;;
170310;0000;10,231;;;
170311;0000;11,598;;;
170312;0000;8,51213;;;
170313;0000;11,8242;;;
170314;0000;14,7226;;;
170315;0000;13,1524;;;
170316;0000;10,5395;;;
170317;0000;8,73476;;;
170318;0000;6,76571;;;
170319;0000;8,58145;;;
170320;0000;11,2447;;;
170321;0000;7,72046;;;
170322;0000;8,25204;;;
170323;0000;10,7449;;;
170324;0000;8,36946;;;
170325;0000;6,19354;;;
170326;0000;6,21;;;
170327;0000;8,58109;;;
170328;0000;10,1405;;;
170329;0000;8,36891;;;
170330;0000;7,02042;;;
170331;0000;;;8,60052;
170401;0000;;;1,15038;
170402;0000;;;1,06388;
170403;0000;;;1,06146;
170404;0000;;;3,07323;
170405;0000;7,83442;;;
170406;0000;7,96622;;;
170407;0000;7,97688;;;
170408;0000;8,01379;;;
170409;0000;5,82909;;;
170410;0000;8,42767;;;
170411;0000;11,1376;;;
170412;0000;9,496;;;
170413;0000;8,22629;;;
170414;0000;5,43646;;;
170415;0000;5,03958;;;
170416;0000;5,62408;;;
170417;0000;7,80141;;;
170418;0000;6,01796;;;
170419;0000;4,23179;;;
170420;0000;7,81154;;;
170421;0000;9,89987;;;
170422;0000;13,9309;;;
170423;0000;12,9619;;;
170424;0000;14,6194;;;
170425;0000;9,68883;;;
170426;0000;11,3872;;;
170427;0000;15,4887;;;
170428;0000;14,9812;;;
170429;0000;19,2395;;;
170430;0000;21,4088;;;
170501;0000;24;;;
170502;0000;17;;;
170503;0000;9;;;
170504;0000;13;;;
170505;0000;13;;;
170506;0000;11;;;
170507;0000;9;;;
170508;0000;10;;;
170509;0000;10;;;
170510;0000;10;;;
170511;0000;6;;;
170512;0000;13;;;
170513;0000;4;;;
170514;0000;5;;;
170515;0000;7;;;
170516;0000;14;;;
170517;0000;7;;;
170518;0000;3;;;
170519;0000;7;;;
170520;0000;7;;;
170521;0000;8;;;
170522;0000;16;;;
170523;0000;14;;;
170524;0000;13;;;
170525;0000;8;;;
170526;0000;7;;;
170527;0000;9;;;
170528;0000;11;;;
170529;0000;11;;;
170530;0000;9;;;
170531;0000;12;;;
170601;0000;21;;;
170602;0000;23;;;
170603;0000;14;;;
170604;0000;8;;;
170605;0000;14;;;
170606;0000;15;;;
170607;0000;;;;
170608;0000;;;;
170609;0000;14;;;
170610;0000;21;;;
170611;0000;23;;;
170612;0000;20;;;
170613;0000;13;;;
170614;0000;10;;;
170615;0000;10;;;
170616;0000;9;;;
170617;0000;10;;;
170618;0000;6;;;
170619;0000;8;;;
170620;0000;18;;;
170621;0000;23;;;
170622;0000;15;;;
170623;0000;14;;;
170624;0000;13;;;
170625;0000;26;;;
170626;0000;9;;;
170627;0000;6;;;
170628;0000;3;;;
170629;0000;6;;;
170630;0000;9;;;
170701;0000;16;;;
170702;0000;19;;;
170703;0000;15;;;
170704;0000;11;;;
170705;0000;11;;;
170706;0000;7;;;
170707;0000;13;;;
170708;0000;15;;;
170709;0000;13;;;
170710;0000;21;;;
170711;0000;16;;;
170712;0000;13;;;
170713;0000;15;;;
170714;0000;;;;
170715;0000;8;;;
170716;0000;6;;;
170717;0000;10;;;
170718;0000;12;;;
170719;0000;13;;;
170720;0000;19;;;
170721;0000;13;;;
170722;0000;17;;;
170723;0000;12;;;
170724;0000;11;;;
170725;0000;12;;;
170726;0000;10;;;
170727;0000;10;;;
170728;0000;13;;;
170729;0000;13;;;
170730;0000;14;;;
170731;0000;14;;;
170801;0000;14;;;
170802;0000;9;;;
170803;0000;10;;;
170804;0000;9;;;
170805;0000;9;;;
170806;0000;11;;;
170807;0000;8;;;
170808;0000;9;;;
170809;0000;11;;;
170810;0000;10;;;
170811;0000;8;;;
170812;0000;7;;;
170813;0000;7;;;
170814;0000;7;;;
170815;0000;8;;;
170816;0000;6;;;
170817;0000;8;;;
170818;0000;11;;;
170819;0000;7;;;
170820;0000;7;;;
170821;0000;11;;;
170822;0000;13;;;
170823;0000;11;;;
170824;0000;8;;;
170825;0000;6;;;
170826;0000;7;;;
170827;0000;5;;;
170828;0000;5;;;
170829;0000;6;;;
170830;0000;7;;;
170831;0000;9;;;
170901;0000;6;;;
170902;0000;4;;;
170903;0000;3;;;
170904;0000;6;;;
170905;0000;8;;;
170906;0000;10;;;
170907;0000;10;;;
170908;0000;7;;;
170909;0000;2;;;
170910;0000;4;;;
170911;0000;7;;;
170912;0000;4;;;
170913;0000;4;;;
170914;0000;5;;;
170915;0000;6;;;
170916;0000;12;;;
170917;0000;12;;;
170918;0000;12;;;
170919;0000;6;;;
170920;0000;7;;;
170921;0000;;;;
170922;0000;5;;;
170923;0000;10;;;
170924;0000;9;;;
170925;0000;7;;;
170926;0000;5;;;
170927;0000;10;;;
170928;0000;13;;;
170929;0000;10;;;
170930;0000;10;;;
171001;0000;5;;;
171002;0000;7;;;
171003;0000;13;;;
171004;0000;9;;;
171005;0000;8;;;
171006;0000;6;;;
171007;0000;3;;;
171008;0000;5;;;
171009;0000;4;;;
171010;0000;5;;;
171011;0000;7;;;
171012;0000;9;;;
171013;0000;8;;;
171014;0000;11;;;
171015;0000;9;;;
171016;0000;8;;;
171017;0000;8;;;
171018;0000;4;;;
171019;0000;7;;;
171020;0000;6;;;
171021;0000;7;;;
171022;0000;9;;;
171023;0000;7;;;
171024;0000;9;;;
171025;0000;5;;;
171026;0000;2;;;
171027;0000;3;;;
171028;0000;3;;;
171029;0000;2;;;
171030;0000;4;;;
171031;0000;4;;;
171101;0000;5;;;
171102;0000;6;;;
171103;0000;6;;;
171104;0000;4;;;
171105;0000;3;;;
171106;0000;3;;;
171107;0000;1;;;
171108;0000;1;;;
171109;0000;2;;;
171110;0000;5;;;
171111;0000;4;;;
171112;0000;2;;;
171113;0000;4;;;
171114;0000;4;;;
171115;0000;2;;;
171116;0000;3;;;
171117;0000;4;;;
171118;0000;4;;;
171119;0000;7;;;
171120;0000;8;;;
171121;0000;6;;;
171122;0000;7;;;
171123;0000;6;;;
171124;0000;6;;;
171125;0000;4;;;
171126;0000;4;;;
171127;0000;5;;;
171128;0000;7;;;
171129;0000;5;;;
171130;0000;4;;;
171201;0000;6;;;
171202;0000;7;;;
171203;0000;4;;;
171204;0000;6;;;
171205;0000;4;;;
171206;0000;7;;;
171207;0000;6;;;
171208;0000;6;;;
171209;0000;7;;;
171210;0000;7;;;
171211;0000;7;;;
171212;0000;7;;;
171213;0000;7;;;
171214;0000;3;;;
171215;0000;4;;;
171216;0000;6;;;
171217;0000;5;;;
171218;0000;4;;;
171219;0000;3;;;
171220;0000;4;;;
171221;0000;6;;;
171222;0000;6;;;
171223;0000;6;;;
171224;0000;5;;;
171225;0000;4;;;
171226;0000;6;;;
171227;0000;6;;;
171228;0000;4;;;
171229;0000;5;;;
171230;0000;3;;;
171231;0000;6;;;
180101;0000;6;;;
180102;0000;4;;;
180103;0000;6;;;
180104;0000;6;;;
180105;0000;7;;;
180106;0000;6;;;
180107;0000;6;;;
180108;0000;4;;;
180109;0000;4;;;
180110;0000;3;;;
180111;0000;3;;;
180112;0000;5;;;
180113;0000;5;;;
180114;0000;4;;;
180115;0000;3;;;
180116;0000;4;;;
180117;0000;6;;;
180118;0000;5;;;
180119;0000;6;;;
180120;0000;4;;;
180121;0000;4;;;
180122;0000;4;;;
180123;0000;5;;;
180124;0000;5;;;
180125;0000;6;;;
180126;0000;7;;;
180127;0000;8;;;
180128;0000;7;;;
180129;0000;8;;;
180130;0000;5;;;
180131;0000;5;;;
180201;0000;7;;;
180202;0000;;;;
180203;0000;6;;;
180204;0000;8;;;
180205;0000;6;;;
180206;0000;5;;;
180207;0000;6;;;
180208;0000;3;;;
180209;0000;2;;;
180210;0000;4;;;
180211;0000;9;;;
180212;0000;8;;;
180213;0000;8;;;
180214;0000;9;;;
180215;0000;11;;;
180216;0000;7;;;
180217;0000;6;;;
180218;0000;3;;;
180219;0000;2;;;
180220;0000;6;;;
180221;0000;5;;;
180222;0000;8;;;
180223;0000;8;;;
180224;0000;7;;;
180225;0000;5;;;
180226;0000;;;;
180227;0000;;;;
180228;0000;9;;;
180301;0000;6;;;
180302;0000;8;;;
180303;0000;7;;;
180304;0000;8;;;
180305;0000;10;;;
180306;0000;;;;
180307;0000;14;;;
180308;0000;10;;;
180309;0000;11;;;
180310;0000;10;;;
180311;0000;9;;;
180312;0000;11;;;
180313;0000;12;;;
180314;0000;12;;;
180315;0000;10;;;
180316;0000;10;;;
180317;0000;9;;;
180318;0000;5;;;
180319;0000;6;;;
180320;0000;9;;;
180321;0000;8;;;
180322;0000;9;;;
180323;0000;13;;;
180324;0000;10;;;
180325;0000;10;;;
180326;0000;13;;;
180327;0000;12;;;
180328;0000;10;;;
180329;0000;;;7;
180330;0000;;;1;
180331;0000;;;1;
180401;0000;;;;
180402;0000;;;;
180403;0000;12;;;
180404;0000;9;;;
180405;0000;8;;;
180406;0000;11;;;
180407;0000;11;;;
180408;0000;8;;;
180409;0000;8;;;
180410;0000;6;;;
180411;0000;6;;;
180412;0000;6;;;
180413;0000;6;;;
180414;0000;6;;;
180415;0000;9;;;
180416;0000;9;;;
180417;0000;10;;;
180418;0000;17;;;
180419;0000;13;;;
180420;0000;13;;;
180421;0000;13;;;
180422;0000;13;;;
180423;0000;11;;;
180424;0000;13;;;
180425;0000;11;;;
180426;0000;11;;;
180427;0000;17;;;
180428;0000;14;;;
180429;0000;12;;;
180430;0000;;;;
180501;0000;5;;;
180502;0000;7;;;
180503;0000;11;;;
180504;0000;16;;;
180505;0000;16;;;
180506;0000;;;;
180507;0000;12;;;
180508;0000;7;;;
180509;0000;11;;;
180510;0000;6;;;
180511;0000;10;;;
180512;0000;11;;;
180513;0000;14;;;
180514;0000;13;;;
180515;0000;9;;;
180516;0000;10;;;
180517;0000;9;;;
180518;0000;10;;;
180519;0000;13;;;
180520;0000;17;;;
180521;0000;14;;;
180522;0000;16;;;
180523;0000;15;;;
180524;0000;17;;;
180525;0000;14;;;
180526;0000;17;;;
180527;0000;14;;;
180528;0000;12;;;
180529;0000;13;;;
180530;0000;11;;;
180531;0000;7;;;
180601;0000;9;;;
180602;0000;8;;;
180603;0000;9;;;
180604;0000;10;;;
180605;0000;11;;;
180606;0000;20;;;
180607;0000;17;;;
180608;0000;19;;;
180609;0000;17;;;
180610;0000;15;;;
180611;0000;8;;;
180612;0000;10;;;
180613;0000;;;;
180614;0000;;;;
180615;0000;21;;;
180616;0000;22;;;
180617;0000;17;;;
180618;0000;20;;;
180619;0000;;;;
180620;0000;9;;;
180621;0000;12;;;
180622;0000;12;;;
180623;0000;18;;;
180624;0000;11;;;
180625;0000;11;;;
180626;0000;12;;;
180627;0000;14;;;
180628;0000;15;;;
180629;0000;19;;;
180630;0000;17;;;
180701;0000;17;;;
180702;0000;8;;;
180703;0000;12;;;
180704;0000;19;;;
180705;0000;16;;;
180706;0000;14;;;
180707;0000;13;;;
180708;0000;13;;;
180709;0000;13;;;
180710;0000;14;;;
180711;0000;13;;;
180712;0000;13;;;
180713;0000;15;;;
180714;0000;21;;;
180715;0000;21;;;
180716;0000;20;;;
180717;0000;;;;
180718;0000;8;;;
180719;0000;10;;;
180720;0000;15;;;
180721;0000;19;;;
180722;0000;14;;;
180723;0000;17;;;
180724;0000;15;;;
180725;0000;13;;;
180726;0000;18;;;
180727;0000;13;;;
180728;0000;13;;;
180729;0000;14;;;
180730;0000;15;;;
180731;0000;;;;
180801;0000;;;;
180802;0000;9;;;
180803;0000;;;;
180804;0000;16;;;
180805;0000;19;;;
180806;0000;15;;;
180807;0000;11;;;
180808;0000;19;;;
180809;0000;19;;;
180810;0000;16;;;
180811;0000;16;;;
180812;0000;10;;;
180813;0000;7;;;
180814;0000;13;;;
180815;0000;17;;;
180816;0000;15;;;
180817;0000;16;;;
180818;0000;;;;
180819;0000;;;;
180820;0000;;;;
180821;0000;11;;;
180822;0000;10;;;
180823;0000;8;;;
180824;0000;;;9;
180825;0000;;;2;
180826;0000;;;3;
180827;0000;;;4;
180828;0000;11;;;
180829;0000;9;;;
180830;0000;9;;;
180831;0000;8;;;
180901;0000;9;;;
180902;0000;9;;;
180903;0000;13;;;
180904;0000;10;;;
180905;0000;10;;;
180906;0000;12;;;
180907;0000;14;;;
180908;0000;11;;;
180909;0000;9;;;
180910;0000;11;;;
180911;0000;10;;;
180912;0000;10;;;
180913;0000;8;;;
180914;0000;10;;;
180915;0000;12;;;
180916;0000;10;;;
180917;0000;10;;;
180918;0000;9;;;
180919;0000;8;;;
180920;0000;12;;;
180921;0000;11;;;
180922;0000;9;;;
180923;0000;7;;;
180924;0000;8;;;
180925;0000;13;;;
180926;0000;15;;;
180927;0000;;;;
180928;0000;;;;
180929;0000;;;;
180930;0000;;;;
181001;0000;;;;
181002;0000;8;;;
181003;0000;9;;;
181004;0000;11;;;
181005;0000;9;;;
181006;0000;8;;;
181007;0000;8;;;
181008;0000;10;;;
181009;0000;9;;;
181010;0000;11;;;
181011;0000;9;;;
181012;0000;5;;;
181013;0000;5;;;
181014;0000;6;;;
181015;0000;6;;;
181016;0000;9;;;
181017;0000;6;;;
181018;0000;6;;;
181019;0000;5;;;
181020;0000;7;;;
181021;0000;5;;;
181022;0000;8;;;
181023;0000;8;;;
181024;0000;7;;;
181025;0000;7;;;
181026;0000;7;;;
181027;0000;5;;;
181028;0000;7;;;
181029;0000;7;;;
181030;0000;7;;;
181031;0000;5;;;
181101;0000;3;;;
181102;0000;5;;;
181103;0000;6;;;
181104;0000;6;;;
181105;0000;6;;;
181106;0000;;;;
181107;0000;;;;
181108;0000;8;;;
181109;0000;7;;;
181110;0000;9;;;
181111;0000;6;;;
181112;0000;6;;;
181113;0000;7;;;
181114;0000;9;;;
181115;0000;10;;;
181116;0000;9;;;
181117;0000;7;;;
181118;0000;6;;;
181119;0000;6;;;
181120;0000;7;;;
181121;0000;8;;;
181122;0000;7;;;
181123;0000;7;;;
181124;0000;6;;;
181125;0000;5;;;
181126;0000;8;;;
181127;0000;10;;;
181128;0000;8;;;
181129;0000;7;;;
181130;0000;7;;;
181201;0000;7;;;
181202;0000;6;;;
181203;0000;5;;;
181204;0000;4;;;
181205;0000;4;;;
181206;0000;4;;;
181207;0000;6;;;
181208;0000;7;;;
181209;0000;8;;;
181210;0000;8;;;
181211;0000;8;;;
181212;0000;9;;;
181213;0000;9;;;
181214;0000;9;;;
181215;0000;8;;;
181216;0000;9;;;
181217;0000;11;;;
181218;0000;9;;;
181219;0000;9;;;
181220;0000;7;;;
181221;0000;8;;;
181222;0000;9;;;
181223;0000;7;;;
181224;0000;6;;;
181225;0000;7;;;
181226;0000;6;;;
181227;0000;6;;;
181228;0000;5;;;
181229;0000;6;;;
181230;0000;7;;;
181231;0000;8;;;
190101;0000;10;;;
190102;0000;9;;;
190103;0000;9;;;
190104;0000;8;;;
190105;0000;9;;;
190106;0000;5;;;
190107;0000;7;;;
190108;0000;5;;;
190109;0000;6;;;
190110;0000;4;;;
190111;0000;4;;;
190112;0000;5;;;
190113;0000;4;;;
190114;0000;4;;;
190115;0000;5;;;
190116;0000;6;;;
190117;0000;6;;;
190118;0000;7;;;
190119;0000;7;;;
190120;0000;6;;;
190121;0000;7;;;
190122;0000;6;;;
190123;0000;5;;;
190124;0000;6;;;
190125;0000;6;;;
190126;0000;5;;;
190127;0000;5;;;
190128;0000;6;;;
190129;0000;7;;;
190130;0000;6;;;
190131;0000;6;;;
190201;0000;5;;;
190202;0000;5;;;
190203;0000;4;;;
190204;0000;4;;;
190205;0000;4;;;
190206;0000;6;;;
190207;0000;7;;;
190208;0000;8;;;
190209;0000;6;;;
190210;0000;5;;;
190211;0000;6;;;
190212;0000;6;;;
190213;0000;8;;;
190214;0000;6;;;
190215;0000;9;;;
190216;0000;7;;;
190217;0000;7;;;
190218;0000;7;;;
190219;0000;7;;;
190220;0000;6;;;
190221;0000;5;;;
190222;0000;6;;;
190223;0000;4;;;
190224;0000;5;;;
190225;0000;5;;;
190226;0000;4;;;
190227;0000;4;;;
190228;0000;6;;;
190301;0000;6;;;
190302;0000;7;;;
190303;0000;4;;;
190304;0000;5;;;
190305;0000;7;;;
190306;0000;8;;;
190307;0000;9;;;
190308;0000;9;;;
190309;0000;7;;;
190310;0000;7;;;
190311;0000;8;;;
190312;0000;8;;;
190313;0000;10;;;
190314;0000;8;;;
190315;0000;9;;;
190316;0000;9;;;
190317;0000;8;;;
190318;0000;8;;;
190319;0000;9;;;
190320;0000;10;;;
190321;0000;13;;;
190322;0000;;;12;
190323;0000;;;2;
190324;0000;;;2;
190325;0000;;;3;
190326;0000;14;;;
190327;0000;11;;;
190328;0000;12;;;
190329;0000;9;;;
190330;0000;8;;;
190331;0000;6;;;
190401;0000;6;;;
190402;0000;7;;;
190403;0000;10;;;
190404;0000;8;;;
190405;0000;10;;;
190406;0000;12;;;
190407;0000;10;;;
190408;0000;9;;;
190409;0000;9;;;
190410;0000;10;;;
190411;0000;10;;;
190412;0000;12;;;
190413;0000;13;;;
190414;0000;11;;;
190415;0000;13;;;
190416;0000;19;;;
190417;0000;18;;;
190418;0000;17;;;
190419;0000;13;;;
190420;0000;9;;;
190421;0000;9;;;
190422;0000;9;;;
190423;0000;8;;;
190424;0000;7;;;
190425;0000;9;;;
190426;0000;10;;;
190427;0000;10;;;
190428;0000;8;;;
190429;0000;10;;;
190430;0000;10;;;
190501;0000;13;;;
190502;0000;13;;;
190503;0000;15;;;
190504;0000;17;;;
190505;0000;11;;;
190506;0000;15;;;
190507;0000;10;;;
190508;0000;12;;;
190509;0000;10;;;
190510;0000;11;;;
190511;0000;13;;;
190512;0000;13;;;
190513;0000;21;;;
190514;0000;16;;;
190515;0000;15;;;
190516;0000;14;;;
190517;0000;12;;;
190518;0000;10;;;
190519;0000;15;;;
190520;0000;15;;;
190521;0000;14;;;
190522;0000;17;;;
190523;0000;17;;;
190524;0000;20;;;
190525;0000;15;;;
190526;0000;13;;;
190527;0000;18;;;
190528;0000;18;;;
190529;0000;17;;;
190530;0000;21;;;
190531;0000;14;;;
190601;0000;10;;;
190602;0000;12;;;
190603;0000;17;;;
190604;0000;22;;;
190605;0000;20;;;
190606;0000;18;;;
190607;0000;19;;;
190608;0000;22;;;
190609;0000;20;;;
190610;0000;20;;;
190611;0000;16;;;
190612;0000;16;;;
190613;0000;12;;;
190614;0000;12;;;
190615;0000;10;;;
190616;0000;11;;;
190617;0000;13;;;
190618;0000;15;;;
190619;0000;18;;;
190620;0000;14;;;
190621;0000;18;;;
190622;0000;15;;;
190623;0000;21;;;
190624;0000;27;;;
190625;0000;20;;;
190626;0000;15;;;
190627;0000;22;;;
190628;0000;25;;;
190629;0000;17;;;
190630;0000;8;;;
190701;0000;16;;;
190702;0000;14;;;
190703;0000;16;;;
190704;0000;21;;;
190705;0000;;;25;
190706;0000;;;21;
190707;0000;16;;;
190708;0000;16;;;
190709;0000;10;;;
190710;0000;11;;;
190711;0000;19;;;
190712;0000;22;;;
190713;0000;19;;;
190714;0000;19;;;
190715;0000;17;;;
190716;0000;24;;;
190717;0000;19;;;
190718;0000;17;;;
190719;0000;19;;;
190720;0000;23;;;
190721;0000;22;;;
190722;0000;17;;;
190723;0000;9;;;
190724;0000;9;;;
190725;0000;10;;;
190726;0000;14;;;
190727;0000;20;;;
190728;0000;20;;;
190729;0000;20;;;
190730;0000;24;;;
190731;0000;18;;;
190801;0000;16;;;
190802;0000;19;;;
190803;0000;21;;;
190804;0000;20;;;
190805;0000;18;;;
190806;0000;20;;;
190807;0000;16;;;
190808;0000;13;;;
190809;0000;14;;;
190810;0000;17;;;
190811;0000;16;;;
190812;0000;22;;;
190813;0000;25;;;
190814;0000;18;;;
190815;0000;19;;;
190816;0000;18;;;
190817;0000;14;;;
190818;0000;14;;;
190819;0000;14;;;
190820;0000;18;;;
190821;0000;20;;;
190822;0000;23;;;
190823;0000;20;;;
190824;0000;23;;;
190825;0000;18;;;
190826;0000;16;;;
190827;0000;22;;;
190828;0000;17;;;
190829;0000;13;;;
190830;0000;13;;;
190831;0000;13;;;
190901;0000;14;;;
190902;0000;15;;;
190903;0000;15;;;
190904;0000;19;;;
190905;0000;15;;;
190906;0000;14;;;
190907;0000;10;;;
190908;0000;7;;;
190909;0000;10;;;
190910;0000;8;;;
190911;0000;9;;;
190912;0000;9;;;
190913;0000;9;;;
190914;0000;10;;;
190915;0000;9;;;
190916;0000;10;;;
190917;0000;11;;;
190918;0000;10;;;
190919;0000;9;;;
190920;0000;9;;;
190921;0000;14;;;
190922;0000;13;;;
190923;0000;13;;;
190924;0000;12;;;
190925;0000;9;;;
190926;0000;12;;;
190927;0000;11;;;
190928;0000;9;;;
190929;0000;9;;;
190930;0000;9;;;
191001;0000;8;;;
191002;0000;9;;;
191003;0000;10;;;
191004;0000;13;;;
191005;0000;11;;;
191006;0000;13;;;
191007;0000;18;;;
191008;0000;20;;;
191009;0000;18;;;
191010;0000;13;;;
191011;0000;13;;;
191012;0000;11;;;
191013;0000;10;;;
191014;0000;9;;;
191015;0000;9;;;
191016;0000;8;;;
191017;0000;11;;;
191018;0000;9;;;
191019;0000;10;;;
191020;0000;16;;;
191021;0000;13;;;
191022;0000;12;;;
191023;0000;14;;;
191024;0000;14;;;
191025;0000;11;;;
191026;0000;11;;;
191027;0000;8;;;
191028;0000;14;;;
191029;0000;11;;;
191030;0000;10;;;
191031;0000;10;;;
191101;0000;10;;;
191102;0000;10;;;
191103;0000;10;;;
191104;0000;9;;;
191105;0000;9;;;
191106;0000;8;;;
191107;0000;8;;;
191108;0000;7;;;
191109;0000;6;;;
191110;0000;8;;;
191111;0000;11;;;
191112;0000;10;;;
191113;0000;11;;;
191114;0000;8;;;
191115;0000;7;;;
191116;0000;8;;;
191117;0000;8;;;
191118;0000;10;;;
191119;0000;14;;;
191120;0000;11;;;
191121;0000;14;;;
191122;0000;16;;;
191123;0000;10;;;
191124;0000;7;;;
191125;0000;10;;;
191126;0000;14;;;
191127;0000;19;;;
191128;0000;15;;;
191129;0000;15;;;
191130;0000;14;;;
191201;0000;16;;;
191202;0000;13;;;
191203;0000;13;;;
191204;0000;14;;;
191205;0000;12;;;
191206;0000;12;;;
191207;0000;12;;;
191208;0000;;;9;
191209;0000;9;;;
191210;0000;10;;;
191211;0000;8;;;
191212;0000;8;;;
191213;0000;9;;;
191214;0000;11;;;
191215;0000;10;;;
191216;0000;12;;;
191217;0000;13;;;
191218;0000;12;;;
191219;0000;11;;;
191220;0000;10;;;
191221;0000;10;;;
191222;0000;13;;;
191223;0000;13;;;
191224;0000;14;;;
191225;0000;12;;;
191226;0000;11;;;
191227;0000;12;;;
191228;0000;9;;;
191229;0000;9;;;
191230;0000;10;;;
191231;0000;10;;;
200101;0000;9;;;
200102;0000;10;;;
200103;0000;9;;;
200104;0000;8;;;
200105;0000;9;;;
200106;0000;9;;;
200107;0000;7;;;
200108;0000;10;;;
200109;0000;9;;;
200110;0000;8;;;
200111;0000;9;;;
200112;0000;9;;;
200113;0000;9;;;
200114;0000;9;;;
200115;0000;5;;;
200116;0000;8;;;
200117;0000;7;;;
200118;0000;9;;;
200119;0000;6;;;
200120;0000;8;;;
200121;0000;7;;;
200122;0000;7;;;
200123;0000;;;;
200124;0000;;;;
200125;0000;5;;;
200126;0000;8;;;
200127;0000;7;;;
200128;0000;7;;;
200129;0000;10;;;
200130;0000;10;;;
200131;0000;9;;;
200201;0000;7;;;
200202;0000;7;;;
200203;0000;6;;;
200204;0000;6;;;
200205;0000;7;;;
200206;0000;8;;;
200207;0000;8;;;
200208;0000;7;;;
200209;0000;7;;;
200210;0000;7;;;
200211;0000;9;;;
200212;0000;8;;;
200213;0000;6;;;
200214;0000;8;;;
200215;0000;11;;;
200216;0000;8;;;
200217;0000;7;;;
200218;0000;9;;;
200219;0000;8;;;
200220;0000;10;;;
200221;0000;10;;;
200222;0000;10;;;
200223;0000;9;;;
200224;0000;10;;;
200225;0000;8;;;
200226;0000;9;;;
200227;0000;10;;;
200228;0000;8;;;
200229;0000;8;;;
200301;0000;8;;;
200302;0000;8;;;
200303;0000;8;;;
200304;0000;6;;;
200305;0000;7;;;
200306;0000;;;;
200307;0000;11;;;
200308;0000;11;;;
200309;0000;11;;;
200310;0000;8;;;
200311;0000;8;;;
200312;0000;8;;;
200313;0000;8;;;
200314;0000;8;;;
200315;0000;7;;;
200316;0000;10;;;
200317;0000;9;;;
200318;0000;7;;;
200319;0000;10;;;
200320;0000;8;;;
200321;0000;10;;;
200322;0000;9;;;
200323;0000;;;8;
200324;0000;;;2;
200325;0000;;;3;
200326;0000;;;3;
200327;0000;;;6;
200328;0000;6;;;
200329;0000;7;;;
200330;0000;9;;;
200331;0000;9;;;
200401;0000;7;;;
200402;0000;11;;;
200403;0000;13;;;
200404;0000;14;;;
200405;0000;16;;;
200406;0000;12;;;
200407;0000;11;;;
200408;0000;12;;;
200409;0000;10;;;
200410;0000;7;;;
200411;0000;9;;;
200412;0000;10;;;
200413;0000;11;;;
200414;0000;11;;;
200415;0000;10;;;
200416;0000;9;;;
200417;0000;10;;;
200418;0000;12;;;
200419;0000;13;;;
200420;0000;16;;;
200421;0000;15;;;
200422;0000;15;;;
200423;0000;10;;;
200424;0000;9;;;
200425;0000;10;;;
200426;0000;8;;;
200427;0000;7;;;
200428;0000;7;;;
200429;0000;10;;;
200430;0000;12;;;
200501;0000;8;;;
200502;0000;11;;;
200503;0000;9;;;
200504;0000;13;;;
200505;0000;14;;;
200506;0000;14;;;
200507;0000;19;;;
200508;0000;20;;;
200509;0000;18;;;
200510;0000;13;;;
200511;0000;14;;;
200512;0000;18;;;
200513;0000;11;;;
200514;0000;10;;;
200515;0000;14;;;
200516;0000;16;;;
200517;0000;12;;;
200518;0000;13;;;
200519;0000;13;;;
200520;0000;10;;;
200521;0000;9;;;
200522;0000;9;;;
200523;0000;12;;;
200524;0000;18;;;
200525;0000;16;;;
200526;0000;13;;;
200527;0000;12;;;
200528;0000;10;;;
200529;0000;9;;;
200530;0000;12;;;
200531;0000;8;;;
200601;0000;8;;;
200602;0000;8;;;
200603;0000;6;;;
200604;0000;7;;;
200605;0000;14;;;
200606;0000;13;;;
200607;0000;11;;;
200608;0000;14;;;
200609;0000;19;;;
200610;0000;19;;;
200611;0000;14;;;
200612;0000;11;;;
200613;0000;13;;;
200614;0000;16;;;
200615;0000;13;;;
200616;0000;11;;;
200617;0000;;;;
200618;0000;11;;;
200619;0000;13;;;
200620;0000;14;;;
200621;0000;13;;;
200622;0000;10;;;
200623;0000;13;;;
200624;0000;13;;;
200625;0000;11;;;
200626;0000;13;;;
200627;0000;11;;;
200628;0000;14;;;
200629;0000;13;;;
200630;0000;9;;;
200701;0000;11;;;
200702;0000;17;;;
200703;0000;20;;;
200704;0000;16;;;
200705;0000;10;;;
200706;0000;15;;;
200707;0000;8;;;
200708;0000;11;;;
200709;0000;12;;;
200710;0000;15;;;
200711;0000;15;;;
200712;0000;15;;;
200713;0000;20;;;
200714;0000;20;;;
200715;0000;19;;;
200716;0000;9;;;
200717;0000;14;;;
200718;0000;10;;;
200719;0000;8;;;
200720;0000;8;;;
200721;0000;7;;;
200722;0000;6;;;
200723;0000;6;;;
200724;0000;8;;;
200725;0000;16;;;
200726;0000;15;;;
200727;0000;16;;;
200728;0000;18;;;
200729;0000;23;;;
200730;0000;20;;;
200731;0000;17;;;
200801;0000;20;;;
200802;0000;14;;;
200803;0000;12;;;
200804;0000;15;;;
200805;0000;11;;;
200806;0000;9;;;
200807;0000;14;;;
200808;0000;13;;;
200809;0000;14;;;
200810;0000;11;;;
200811;0000;13;;;
200812;0000;11;;;
200813;0000;10;;;
200814;0000;10;;;
200815;0000;8;;;
200816;0000;9;;;
200817;0000;9;;;
200818;0000;9;;;
200819;0000;10;;;
200820;0000;10;;;
200821;0000;12;;;
200822;0000;17;;;
200823;0000;13;;;
200824;0000;7;;;
200825;0000;7;;;
200826;0000;9;;;
200827;0000;9;;;
200828;0000;8;;;
200829;0000;8;;;
200830;0000;8;;;
200831;0000;11;;;
200901;0000;8;;;
200902;0000;9;;;
200903;0000;10;;;
200904;0000;12;;;
200905;0000;12;;;
200906;0000;10;;;
200907;0000;9;;;
200908;0000;8;;;
200909;0000;8;;;
200910;0000;10;;;
200911;0000;7;;;
200912;0000;11;;;
200913;0000;8;;;
200914;0000;9;;;
200915;0000;10;;;
200916;0000;9;;;
200917;0000;10;;;
200918;0000;14;;;
200919;0000;14;;;
200920;0000;14;;;
200921;0000;9;;;
200922;0000;9;;;
200923;0000;10;;;
200924;0000;11;;;
200925;0000;10;;;
200926;0000;8;;;
200927;0000;6;;;
200928;0000;8;;;
200929;0000;10;;;
200930;0000;8;;;
201001;0000;8;;;
201002;0000;4;;;
201003;0000;6;;;
201004;0000;9;;;
201005;0000;9;;;
201006;0000;8;;;
201007;0000;9;;;
201008;0000;10;;;
201009;0000;11;;;
201010;0000;12;;;
201011;0000;9;;;
201012;0000;9;;;
201013;0000;10;;;
201014;0000;9;;;
201015;0000;7;;;
201016;0000;8;;;
201017;0000;6;;;
201018;0000;3;;;
201019;0000;5;;;
201020;0000;7;;;
201021;0000;8;;;
201022;0000;7;;;
201023;0000;3;;;
201024;0000;4;;;
201025;0000;3;;;
201026;0000;8;;;
201027;0000;5;;;
201028;0000;7;;;
201029;0000;7;;;
201030;0000;7;;;
201031;0000;8;;;
201101;0000;8;;;
201102;0000;8;;;
201103;0000;7;;;
201104;0000;5;;;
201105;0000;5;;;
201106;0000;6;;;
201107;0000;6;;;
201108;0000;5;;;
201109;0000;5;;;
201110;0000;3;;;
201111;0000;6;;;
201112;0000;5;;;
201113;0000;4;;;
201114;0000;4;;;
201115;0000;4;;;
201116;0000;6;;;
201117;0000;6;;;
201118;0000;5;;;
201119;0000;2;;;
201120;0000;4;;;
201121;0000;5;;;
201122;0000;5;;;
201123;0000;5;;;
201124;0000;5;;;
201125;0000;5;;;
201126;0000;6;;;
201127;0000;7;;;
201128;0000;9;;;
201129;0000;6;;;
201130;0000;5;;;
201201;0000;9;;;
201202;0000;7;;;
201203;0000;6;;;
201204;0000;7;;;
201205;0000;9;;;
201206;0000;7;;;
201207;0000;6;;;
201208;0000;5;;;
201209;0000;5;;;
201210;0000;;;3;
201211;0000;;;5;
201212;0000;7;;;
201213;0000;8;;;
201214;0000;8;;;
201215;0000;7;;;
201216;0000;6;;;
201217;0000;4;;;
201218;0000;5;;;
201219;0000;4;;;
201220;0000;4;;;
201221;0000;7;;;
201222;0000;5;;;
201223;0000;7;;;
201224;0000;6;;;
201225;0000;6;;;
201226;0000;5;;;
201227;0000;5;;;
201228;0000;4;;;
201229;0000;4;;;
201230;0000;5;;;
201231;0000;8;;;
210101;0000;9;;;
210102;0000;7;;;
210103;0000;5;;;
210104;0000;6;;;
210105;0000;7;;;
210106;0000;5;;;
210107;0000;6;;;
210108;0000;6;;;
210109;0000;7;;;
210110;0000;7;;;
210111;0000;7;;;
210112;0000;7;;;
210113;0000;8;;;
210114;0000;7;;;
210115;0000;8;;;
210116;0000;8;;;
210117;0000;6;;;
210118;0000;6;;;
210119;0000;6;;;
210120;0000;8;;;
210121;0000;4;;;
210122;0000;3;;;
210123;0000;3;;;
210124;0000;5;;;
210125;0000;3;;;
210126;0000;3;;;
210127;0000;5;;;
210128;0000;6;;;
210129;0000;7;;;
210130;0000;8;;;
210131;0000;4;;;
210201;0000;3;;;
210202;0000;4;;;
210203;0000;6;;;
210204;0000;7;;;
210205;0000;7;;;
210206;0000;6;;;
210207;0000;6;;;
210208;0000;7;;;
210209;0000;6;;;
210210;0000;5;;;
210211;0000;6;;;
210212;0000;6;;;
210213;0000;9;;;
210214;0000;7;;;
210215;0000;7;;;
210216;0000;8;;;
210217;0000;7;;;
210218;0000;5;;;
210219;0000;7;;;
210220;0000;7;;;
210221;0000;7;;;
210222;0000;6;;;
210223;0000;7;;;
210224;0000;7;;;
210225;0000;11;;;
210226;0000;10;;;
210227;0000;9;;;
210228;0000;7;;;
210301;0000;8;;;
210302;0000;10;;;
210303;0000;11;;;
210304;0000;7;;;
210305;0000;8;;;
210306;0000;6;;;
210307;0000;5;;;
210308;0000;5;;;
210309;0000;6;;;
210310;0000;7;;;
210311;0000;7;;;
210312;0000;6;;;
210313;0000;6;;;
210314;0000;6;;;
210315;0000;6;;;
210316;0000;6;;;
210317;0000;5;;;
210318;0000;5;;;
210319;0000;5;;;
210320;0000;6;;;
210321;0000;5;;;
210322;0000;5;;;
210323;0000;;;;
210324;0000;8;;;
210325;0000;12;;;
210326;0000;;;9;
210327;0000;;;3;
210328;0000;;;3;
210329;0000;;;6;
210330;0000;11;;;
210331;0000;10;;;
210401;0000;9;;;
210402;0000;10;;;
210403;0000;12;;;
210404;0000;8;;;
210405;0000;9;;;
210406;0000;8;;;
210407;0000;6;;;
210408;0000;5;;;
210409;0000;5;;;
210410;0000;7;;;
210411;0000;9;;;
210412;0000;9;;;
210413;0000;11;;;
210414;0000;12;;;
210415;0000;11;;;
210416;0000;14;;;
210417;0000;14;;;
210418;0000;10;;;
210419;0000;12;;;
210420;0000;9;;;
210421;0000;7;;;
210422;0000;9;;;
210423;0000;8;;;
210424;0000;8;;;
210425;0000;9;;;
210426;0000;12;;;
210427;0000;14;;;
210428;0000;15;;;
210429;0000;10;;;
210430;0000;10;;;
210501;0000;11;;;
210502;0000;11;;;
210503;0000;11;;;
210504;0000;9;;;
210505;0000;10;;;
210506;0000;10;;;
210507;0000;12;;;
210508;0000;7;;;
210509;0000;10;;;
210510;0000;12;;;
210511;0000;14;;;
210512;0000;21;;;
210513;0000;13;;;
210514;0000;16;;;
210515;0000;15;;;
210516;0000;14;;;
210517;0000;24;;;
210518;0000;18;;;
210519;0000;17;;;
210520;0000;11;;;
210521;0000;10;;;
210522;0000;14;;;
210523;0000;18;;;
210524;0000;20;;;
210525;0000;16;;;
210526;0000;18;;;
210527;0000;22;;;
210528;0000;21;;;
210529;0000;15;;;
210530;0000;15;;;
210531;0000;17;;;
210601;0000;24;;;
210602;0000;23;;;
210603;0000;25;;;
210604;0000;16;;;
210605;0000;15;;;
210606;0000;12;;;
210607;0000;9;;;
210608;0000;10;;;
210609;0000;12;;;
210610;0000;10;;;
210611;0000;13;;;
210612;0000;19;;;
210613;0000;17;;;
210614;0000;14;;;
210615;0000;19;;;
210616;0000;15;;;
210617;0000;11;;;
210618;0000;7;;;
210619;0000;9;;;
210620;0000;8;;;
210621;0000;7;;;
210622;0000;12;;;
210623;0000;12;;;
210624;0000;12;;;
210625;0000;8;;;
210626;0000;7;;;
210627;0000;9;;;
210628;0000;11;;;
210629;0000;20;;;
210630;0000;26;;;
210701;0000;16;;;
210702;0000;12;;;
210703;0000;21;;;
210704;0000;24;;;
210705;0000;27;;;
210706;0000;19;;;
210707;0000;11;;;
210708;0000;18;;;
210709;0000;17;;;
210710;0000;19;;;
210711;0000;18;;;
210712;0000;18;;;
210713;0000;18;;;
210714;0000;15;;;
210715;0000;12;;;
210716;0000;14;;;
210717;0000;16;;;
210718;0000;24;;;
210719;0000;23;;;
210720;0000;15;;;
210721;0000;23;;;
210722;0000;26;;;
210723;0000;24;;;
210724;0000;24;;;
210725;0000;13;;;
210726;0000;9;;;
210727;0000;10;;;
210728;0000;11;;;
210729;0000;12;;;
210730;0000;14;;;
210731;0000;13;;;
210801;0000;17;;;
210802;0000;22;;;
210803;0000;23;;;
210804;0000;17;;;
210805;0000;13;;;
210806;0000;11;;;
210807;0000;11;;;
210808;0000;10;;;
210809;0000;11;;;
210810;0000;9;;;
210811;0000;13;;;
210812;0000;14;;;
210813;0000;15;;;
210814;0000;14;;;
210815;0000;14;;;
210816;0000;17;;;
210817;0000;17;;;
210818;0000;13;;;
210819;0000;14;;;
210820;0000;13;;;
210821;0000;13;;;
210822;0000;12;;;
210823;0000;11;;;
210824;0000;8;;;
210825;0000;8;;;
210826;0000;13;;;
210827;0000;11;;;
210828;0000;12;;;
210829;0000;17;;;
210830;0000;13;;;
210831;0000;12;;;
210901;0000;9;;;
210902;0000;11;;;
210903;0000;5;;;
210904;0000;8;;;
210905;0000;10;;;
210906;0000;7;;;
210907;0000;9;;;
210908;0000;12;;;
210909;0000;15;;;
210910;0000;14;;;
210911;0000;15;;;
210912;0000;15;;;
210913;0000;11;;;
210914;0000;10;;;
210915;0000;10;;;
210916;0000;11;;;
210917;0000;12;;;
210918;0000;12;;;
210919;0000;8;;;
210920;0000;4;;;
210921;0000;9;;;
210922;0000;9;;;
210923;0000;10;;;
210924;0000;12;;;
210925;0000;13;;;
210926;0000;11;;;
210927;0000;9;;;
210928;0000;10;;;
210929;0000;11;;;
210930;0000;10;;;
211001;0000;10;;;
211002;0000;10;;;
211003;0000;13;;;
211004;0000;13;;;
211005;0000;11;;;
211006;0000;11;;;
211007;0000;14;;;
211008;0000;11;;;
211009;0000;11;;;
211010;0000;12;;;
211011;0000;12;;;
211012;0000;9;;;
211013;0000;9;;;
211014;0000;8;;;
211015;0000;11;;;
211016;0000;13;;;
211017;0000;12;;;
211018;0000;14;;;
211019;0000;16;;;
211020;0000;13;;;
211021;0000;11;;;
211022;0000;11;;;
211023;0000;10;;;
211024;0000;13;;;
211025;0000;13;;;
211026;0000;12;;;
211027;0000;14;;;
211028;0000;13;;;
211029;0000;11;;;
211030;0000;10;;;
211031;0000;11;;;
211101;0000;10;;;
211102;0000;9;;;
211103;0000;9;;;
211104;0000;8;;;
211105;0000;8;;;
211106;0000;10;;;
211107;0000;13;;;
211108;0000;12;;;
211109;0000;13;;;
211110;0000;13;;;
211111;0000;9;;;
211112;0000;7;;;
211113;0000;7;;;
211114;0000;8;;;
211115;0000;9;;;
211116;0000;9;;;
211117;0000;10;;;
211118;0000;9;;;
211119;0000;12;;;
211120;0000;9;;;
211121;0000;8;;;
211122;0000;9;;;
211123;0000;11;;;
211124;0000;10;;;
211125;0000;7;;;
211126;0000;8;;;
211127;0000;6;;;
211128;0000;8;;;
211129;0000;10;;;
211130;0000;10;;;
211201;0000;9;;;
211202;0000;9;;;
211203;0000;8;;;
211204;0000;7;;;
211205;0000;12;;;
211206;0000;9;;;
211207;0000;9;;;
211208;0000;7;;;
211209;0000;7;;;
211210;0000;10;;;
211211;0000;9;;;
211212;0000;7;;;
211213;0000;7;;;
211214;0000;7;;;
211215;0000;9;;;
211216;0000;7;;;
211217;0000;7;;;
211218;0000;6;;;
211219;0000;5;;;
211220;0000;4;;;
211221;0000;5;;;
211222;0000;6;;;
211223;0000;7;;;
211224;0000;7;;;
211225;0000;6;;;
211226;0000;6;;;
211227;0000;6;;;
211228;0000;5;;;
211229;0000;5;;;
211230;0000;3;;;
211231;0000;16;;;
220101;0000;7;;;
220102;0000;8;;;
220103;0000;6;;;
220104;0000;6;;;
220105;0000;6;;;
220106;0000;7;;;
220107;0000;7;;;
220108;0000;7;;;
220109;0000;7;;;
220110;0000;7;;;
220111;0000;6;;;
220112;0000;5;;;
220113;0000;6;;;
220114;0000;6;;;
220115;0000;5;;;
220116;0000;4;;;
220117;0000;5;;;
220118;0000;6;;;
220119;0000;7;;;
220120;0000;6;;;
220121;0000;6;;;
220122;0000;5;;;
220123;0000;6;;;
220124;0000;6;;;
220125;0000;7;;;
220126;0000;7;;;
220127;0000;7;;;
220128;0000;5;;;
220129;0000;7;;;
220130;0000;7;;;
220131;0000;6;;;
220201;0000;6;;;
220202;0000;7;;;
220203;0000;8;;;
220204;0000;8;;;
220205;0000;7;;;
220206;0000;7;;;
220207;0000;8;;;
220208;0000;8;;;
220209;0000;9;;;
220210;0000;9;;;
220211;0000;11;;;
220212;0000;8;;;
220213;0000;7;;;
220214;0000;7;;;
220215;0000;10;;;
220216;0000;9;;;
220217;0000;8;;;
220218;0000;7;;;
220219;0000;9;;;
220220;0000;11;;;
220221;0000;8;;;
220222;0000;8;;;
220223;0000;5;;;
220224;0000;7;;;
220225;0000;7;;;
220226;0000;11;;;
220227;0000;9;;;
220228;0000;9;;;
220301;0000;11;;;
220302;0000;12;;;
220303;0000;13;;;
220304;0000;12;;;
220305;0000;9;;;
220306;0000;9;;;
220307;0000;13;;;
220308;0000;9;;;
220309;0000;7;;;
220310;0000;8;;;
220311;0000;11;;;
220312;0000;12;;;
220313;0000;10;;;
220314;0000;9;;;
220315;0000;9;;;
220316;0000;7;;;
220317;0000;8;;;
220318;0000;11;;;
220319;0000;14;;;
220320;0000;10;;;
220321;0000;9;;;
220322;0000;10;;;
220323;0000;8;;;
220324;0000;9;;;
220325;0000;14;;;
220326;0000;15;;;
220327;0000;10;;;
220328;0000;;;7;
220329;0000;;;3;
220330;0000;;;2;
220331;0000;;;5;
220401;0000;14;;;
220402;0000;14;;;
220403;0000;11;;;
220404;0000;11;;;
220405;0000;12;;;
220406;0000;15;;;
220407;0000;13;;;
220408;0000;15;;;
220409;0000;11;;;
220410;0000;8;;;
220411;0000;9;;;
220412;0000;9;;;
220413;0000;11;;;
220414;0000;11;;;
220415;0000;12;;;
220416;0000;10;;;
220417;0000;9;;;
220418;0000;12;;;
220419;0000;15;;;
220420;0000;11;;;
220421;0000;9;;;
220422;0000;9;;;
220423;0000;10;;;
220424;0000;13;;;
220425;0000;10;;;
220426;0000;10;;;
220427;0000;9;;;
220428;0000;10;;;
220429;0000;16;;;
220430;0000;13;;;
220501;0000;12;;;
220502;0000;10;;;
220503;0000;11;;;
220504;0000;16;;;
220505;0000;15;;;
220506;0000;11;;;
220507;0000;12;;;
220508;0000;14;;;
220509;0000;10;;;
220510;0000;16;;;
220511;0000;20;;;
220512;0000;16;;;
220513;0000;17;;;
220514;0000;15;;;
220515;0000;13;;;
220516;0000;11;;;
220517;0000;12;;;
220518;0000;15;;;
220519;0000;22;;;
220520;0000;15;;;
220521;0000;14;;;
220522;0000;11;;;
220523;0000;14;;;
220524;0000;13;;;
220525;0000;18;;;
220526;0000;22;;;
220527;0000;17;;;
220528;0000;13;;;
220529;0000;10;;;
220530;0000;11;;;
220531;0000;18;;;
220601;0000;15;;;
220602;0000;15;;;
220603;0000;12;;;
220604;0000;18;;;
220605;0000;17;;;
220606;0000;15;;;
220607;0000;15;;;
220608;0000;13;;;
220609;0000;9;;;
220610;0000;12;;;
220611;0000;17;;;
220612;0000;17;;;
220613;0000;14;;;
220614;0000;14;;;
220615;0000;11;;;
220616;0000;9;;;
220617;0000;11;;;
220618;0000;14;;;
220619;0000;15;;;
220620;0000;16;;;
220621;0000;13;;;
220622;0000;10;;;
220623;0000;10;;;
220624;0000;12;;;
220625;0000;11;;;
220626;0000;7;;;
220627;0000;9;;;
220628;0000;12;;;
220629;0000;16;;;
220630;0000;16;;;
220701;0000;16;;;
220702;0000;14;;;
220703;0000;18;;;
220704;0000;14;;;
220705;0000;19;;;
220706;0000;17;;;
220707;0000;15;;;
220708;0000;18;;;
220709;0000;17;;;
220710;0000;12;;;
220711;0000;10;;;
220712;0000;14;;;
220713;0000;12;;;
220714;0000;9;;;
220715;0000;8;;;
220716;0000;8;;;
220717;0000;12;;;
220718;0000;18;;;
220719;0000;16;;;
220720;0000;21;;;
220721;0000;14;;;
220722;0000;11;;;
220723;0000;14;;;
220724;0000;18;;;
220725;0000;16;;;
220726;0000;12;;;
220727;0000;12;;;
220728;0000;13;;;
220729;0000;14;;;
220730;0000;14;;;
220731;0000;11;;;
220801;0000;9;;;
220802;0000;11;;;
220803;0000;10;;;
220804;0000;16;;;
220805;0000;17;;;
220806;0000;18;;;
220807;0000;14;;;
220808;0000;16;;;
220809;0000;15;;;
220810;0000;19;;;
220811;0000;22;;;
220812;0000;17;;;
220813;0000;12;;;
220814;0000;11;;;
220815;0000;12;;;
220816;0000;15;;;
220817;0000;15;;;
220818;0000;13;;;
220819;0000;18;;;
220820;0000;20;;;
220821;0000;15;;;
220822;0000;10;;;
220823;0000;11;;;
220824;0000;12;;;
220825;0000;18;;;
220826;0000;16;;;
220827;0000;15;;;
220828;0000;15;;;
220829;0000;16;;;
220830;0000;13;;;
220831;0000;11;;;
220901;0000;9;;;
220902;0000;12;;;
220903;0000;14;;;
220904;0000;17;;;
220905;0000;17;;;
220906;0000;19;;;
220907;0000;18;;;
220908;0000;11;;;
220909;0000;10;;;
220910;0000;9;;;
220911;0000;9;;;
220912;0000;10;;;
220913;0000;10;;;
220914;0000;12;;;
220915;0000;14;;;
220916;0000;18;;;
220917;0000;17;;;
220918;0000;12;;;
220919;0000;10;;;
220920;0000;10;;;
220921;0000;11;;;
220922;0000;16;;;
220923;0000;15;;;
220924;0000;11;;;
220925;0000;11;;;
220926;0000;13;;;
220927;0000;9;;;
220928;0000;10;;;
220929;0000;8;;;
220930;0000;9;;;
221001;0000;11;;;
221002;0000;9;;;
221003;0000;9;;;
221004;0000;6;;;
221005;0000;7;;;
221006;0000;13;;;
221007;0000;13;;;
221008;0000;12;;;
221009;0000;10;;;
221010;0000;9;;;
221011;0000;9;;;
221012;0000;9;;;
221013;0000;8;;;
221014;0000;8;;;
221015;0000;13;;;
221016;0000;12;;;
221017;0000;8;;;
221018;0000;11;;;
221019;0000;7;;;
221020;0000;8;;;
221021;0000;9;;;
221022;0000;9;;;
221023;0000;9;;;
221024;0000;8;;;
221025;0000;8;;;
221026;0000;7;;;
221027;0000;8;;;
221028;0000;8;;;
221029;0000;9;;;
221030;0000;8;;;
221031;0000;8;;;
221101;0000;9;;;
221102;0000;10;;;
221103;0000;13;;;
221104;0000;10;;;
221105;0000;9;;;
221106;0000;8;;;
221107;0000;7;;;
221108;0000;9;;;
221109;0000;10;;;
221110;0000;;;;
221111;0000;;;;
221112;0000;5;;;
221113;0000;6;;;
221114;0000;8;;;
221115;0000;6;;;
221116;0000;5;;;
221117;0000;6;;;
221118;0000;4;;;
221119;0000;8;;;
221120;0000;4;;;
221121;0000;6;;;
221122;0000;9;;;
221123;0000;7;;;
221124;0000;7;;;
221125;0000;6;;;
221126;0000;6;;;
221127;0000;4;;;
221128;0000;4;;;
221129;0000;5;;;
221130;0000;7;;;
221201;0000;7;;;
221202;0000;5;;;
221203;0000;8;;;
221204;0000;7;;;
221205;0000;9;;;
221206;0000;7;;;
221207;0000;7;;;
221208;0000;5;;;
221209;0000;6;;;
221210;0000;6;;;
221211;0000;4;;;
221212;0000;5;;;
221213;0000;7;;;
221214;0000;8;;;
221215;0000;9;;;
221216;0000;10;;;
221217;0000;8;;;
221218;0000;9;;;
221219;0000;8;;;
221220;0000;7;;;
221221;0000;8;;;
221222;0000;7;;;
221223;0000;7;;;
221224;0000;10;;;
221225;0000;9;;;
221226;0000;9;;;
221227;0000;9;;;
221228;0000;9;;;
221229;0000;10;;;
221230;0000;8;;;
221231;0000;8;;;
230101;0000;19;;;
230102;0000;9;;;
230103;0000;9;;;
230104;0000;11;;;
230105;0000;11;;;
230106;0000;7;;;
230107;0000;7;;;
230108;0000;6;;;
230109;0000;6;;;
230110;0000;7;;;
230111;0000;5;;;
230112;0000;7;;;
230113;0000;8;;;
230114;0000;9;;;
230115;0000;8;;;
230116;0000;7;;;
230117;0000;7;;;
230118;0000;7;;;
230119;0000;7;;;
230120;0000;7;;;
230121;0000;8;;;
230122;0000;7;;;
230123;0000;10;;;
230124;0000;8;;;
230125;0000;6;;;
230126;0000;6;;;
230127;0000;9;;;
230128;0000;6;;;
230129;0000;6;;;
230130;0000;8;;;
230131;0000;7;;;
230201;0000;6;;;
230202;0000;6;;;
230203;0000;6;;;
230204;0000;4;;;
230205;0000;5;;;
230206;0000;6;;;
230207;0000;8;;;
230208;0000;7;;;
230209;0000;11;;;
230210;0000;9;;;
230211;0000;11;;;
230212;0000;16;;;
230213;0000;17;;;
230214;0000;11;;;
230215;0000;11;;;
230216;0000;10;;;
230217;0000;;;;
230218;0000;7;;;
230219;0000;6;;;
230220;0000;3;;;
230221;0000;6;;;
230222;0000;7;;;
230223;0000;9;;;
230224;0000;8;;;
230225;0000;6;;;
230226;0000;7;;;
230227;0000;9;;;
230228;0000;11;;;
230301;0000;11;;;
230302;0000;10;;;
230303;0000;10;;;
230304;0000;9;;;
230305;0000;7;;;
230306;0000;8;;;
230307;0000;8;;;
230308;0000;9;;;
230309;0000;9;;;
230310;0000;8;;;
230311;0000;6;;;
230312;0000;6;;;
230313;0000;9;;;
230314;0000;9;;;
230315;0000;6;;;
230316;0000;7;;;
230317;0000;;;5;
230318;0000;;;2;
230319;0000;;;;
230320;0000;;;;
230321;0000;7;;;
230322;0000;6;;;
230323;0000;8;;;
230324;0000;10;;;
230325;0000;10;;;
230326;0000;11;;;
230327;0000;11;;;
230328;0000;12;;;
230329;0000;12;;;
230330;0000;9;;;
230331;0000;12;;;
230401;0000;11;;;
230402;0000;7;;;
230403;0000;9;;;
230404;0000;10;;;
230405;0000;11;;;
230406;0000;12;;;
230407;0000;11;;;
230408;0000;13;;;
230409;0000;12;;;
230410;0000;11;;;
230411;0000;10;;;
230412;0000;11;;;
230413;0000;11;;;
230414;0000;9;;;
230415;0000;10;;;
230416;0000;10;;;
230417;0000;14;;;
230418;0000;14;;;
230419;0000;15;;;
230420;0000;19;;;
230421;0000;15;;;
230422;0000;13;;;
230423;0000;13;;;
230424;0000;13;;;
230425;0000;12;;;
230426;0000;14;;;
230427;0000;15;;;
230428;0000;13;;;
230429;0000;16;;;
230430;0000;12;;;
230501;0000;13;;;
230502;0000;13;;;
230503;0000;12;;;
230504;0000;14;;;
230505;0000;13;;;
230506;0000;17;;;
230507;0000;15;;;
230508;0000;17;;;
230509;0000;17;;;
230510;0000;24;;;
230511;0000;25;;;
230512;0000;24;;;
230513;0000;18;;;
230514;0000;17;;;
230515;0000;16;;;
230516;0000;13;;;
230517;0000;13;;;
230518;0000;10;;;
230519;0000;11;;;
230520;0000;13;;;
230521;0000;12;;;
230522;0000;15;;;
230523;0000;16;;;
230524;0000;12;;;
230525;0000;13;;;
230526;0000;15;;;
230527;0000;14;;;
230528;0000;17;;;
230529;0000;21;;;
230530;0000;20;;;
230531;0000;16;;;
230601;0000;21;;;
230602;0000;21;;;
230603;0000;19;;;
230604;0000;21;;;
230605;0000;21;;;
230606;0000;23;;;
230607;0000;22;;;
230608;0000;21;;;
230609;0000;13;;;
230610;0000;10;;;
230611;0000;10;;;
230612;0000;11;;;
230613;0000;11;;;
230614;0000;13;;;
230615;0000;15;;;
230616;0000;26;;;
230617;0000;17;;;
230618;0000;15;;;
230619;0000;14;;;
230620;0000;12;;;
230621;0000;13;;;
230622;0000;13;;;
230623;0000;13;;;
230624;0000;14;;;
230625;0000;14;;;
230626;0000;13;;;
230627;0000;14;;;
230628;0000;12;;;
230629;0000;17;;;
230630;0000;20;;;
230701;0000;16;;;
230702;0000;17;;;
230703;0000;18;;;
230704;0000;15;;;
230705;0000;14;;;
230706;0000;14;;;
230707;0000;15;;;
230708;0000;10;;;
230709;0000;10;;;
230710;0000;10;;;
230711;0000;10;;;
230712;0000;11;;;
230713;0000;14;;;
230714;0000;16;;;
230715;0000;14;;;
230716;0000;17;;;
230717;0000;15;;;
230718;0000;14;;;
230719;0000;22;;;
230720;0000;20;;;
230721;0000;18;;;
230722;0000;13;;;
230723;0000;13;;;
230724;0000;10;;;
230725;0000;10;;;
230726;0000;11;;;
230727;0000;9;;;
230728;0000;12;;;
230729;0000;12;;;
230730;0000;14;;;
230731;0000;18;;;
230801;0000;14;;;
230802;0000;16;;;
230803;0000;16;;;
230804;0000;18;;;
230805;0000;17;;;
230806;0000;15;;;
230807;0000;13;;;
230808;0000;11;;;
230809;0000;13;;;
230810;0000;11;;;
230811;0000;14;;;
230812;0000;13;;;
230813;0000;12;;;
230814;0000;12;;;
230815;0000;10;;;
230816;0000;13;;;
230817;0000;12;;;
230818;0000;11;;;
230819;0000;15;;;
230820;0000;15;;;
230821;0000;15;;;
230822;0000;15;;;
230823;0000;12;;;
230824;0000;10;;;
230825;0000;11;;;
230826;0000;14;;;
230827;0000;18;;;
230828;0000;20;;;
230829;0000;16;;;
230830;0000;15;;;
230831;0000;14;;;
230901;0000;14;;;
230902;0000;15;;;
230903;0000;11;;;
230904;0000;11;;;
230905;0000;15;;;
230906;0000;11;;;
230907;0000;8;;;
230908;0000;12;;;
230909;0000;14;;;
230910;0000;14;;;
230911;0000;12;;;
230912;0000;14;;;
230913;0000;17;;;
230914;0000;18;;;
230915;0000;16;;;
230916;0000;14;;;
230917;0000;14;;;
230918;0000;12;;;
230919;0000;13;;;
230920;0000;11;;;
230921;0000;10;;;
230922;0000;12;;;
230923;0000;10;;;
230924;0000;9;;;
230925;0000;12;;;
230926;0000;12;;;
230927;0000;11;;;
230928;0000;12;;;
230929;0000;12;;;
230930;0000;15;;;
231001;0000;14;;;
231002;0000;10;;;
231003;0000;9;;;
231004;0000;10;;;
231005;0000;;;;
231006;0000;;;;
231007;0000;;;;
231008;0000;11;;;
231009;0000;11;;;
231010;0000;11;;;
231011;0000;10;;;
231012;0000;13;;;
231013;0000;15;;;
231014;0000;13;;;
231015;0000;12;;;
231016;0000;13;;;
231017;0000;15;;;
231018;0000;11;;;
231019;0000;11;;;
231020;0000;13;;;
231021;0000;10;;;
231022;0000;10;;;
231023;0000;9;;;
231024;0000;9;;;
231025;0000;9;;;
231026;0000;12;;;
231027;0000;11;;;
231028;0000;9;;;
231029;0000;10;;;
231030;0000;12;;;
231031;0000;12;;;
231101;0000;12;;;
231102;0000;10;;;
231103;0000;13;;;
231104;0000;11;;;
231105;0000;10;;;
231106;0000;9;;;
231107;0000;7;;;
231108;0000;9;;;
231109;0000;10;;;
231110;0000;9;;;
231111;0000;8;;;
231112;0000;7;;;
231113;0000;8;;;
231114;0000;8;;;
231115;0000;8;;;
231116;0000;10;;;
231117;0000;9;;;
231118;0000;8;;;
231119;0000;11;;;
231120;0000;7;;;
231121;0000;7;;;
231122;0000;7;;;
231123;0000;7;;;
231124;0000;9;;;
231125;0000;7;;;
231126;0000;7;;;
231127;0000;9;;;
231128;0000;7;;;
231129;0000;6;;;
231130;0000;6;;;
231201;0000;7;;;
231202;0000;6;;;
231203;0000;8;;;
231204;0000;9;;;
231205;0000;8;;;
231206;0000;9;;;
231207;0000;9;;;
231208;0000;9;;;
231209;0000;8;;;
231210;0000;8;;;
231211;0000;10;;;
231212;0000;10;;;
231213;0000;9;;;
231214;0000;9;;;
231215;0000;7;;;
231216;0000;6;;;
231217;0000;5;;;
231218;0000;5;;;
231219;0000;7;;;
231220;0000;5;;;
231221;0000;7;;;
231222;0000;6;;;
231223;0000;6;;;
231224;0000;7;;;
231225;0000;7;;;
231226;0000;7;;;
231227;0000;6;;;
231228;0000;7;;;
231229;0000;7;;;
231230;0000;4;;;
231231;0000;11;;;
240101;0000;8;;;
240102;0000;5;;;
240103;0000;6;;;
240104;0000;6;;;
240105;0000;5;;;
240106;0000;5;;;
240107;0000;5;;;
240108;0000;6;;;
240109;0000;6;;;
240110;0000;6;;;
240111;0000;8;;;
240112;0000;8;;;
240113;0000;7;;;
240114;0000;6;;;
240115;0000;8;;;
240116;0000;8;;;
240117;0000;9;;;
240118;0000;7;;;
240119;0000;8;;;
240120;0000;7;;;
240121;0000;6;;;
240122;0000;6;;;
240123;0000;6;;;
240124;0000;6;;;
240125;0000;7;;;
240126;0000;5;;;
240127;0000;4;;;
240128;0000;4;;;
240129;0000;7;;;
240130;0000;4;;;
240131;0000;5;;;
240201;0000;7;;;
240202;0000;8;;;
240203;0000;6;;;
240204;0000;6;;;
240205;0000;8;;;
240206;0000;7;;;
240207;0000;6;;;
240208;0000;7;;;
240209;0000;6;;;
240210;0000;4;;;
240211;0000;4;;;
240212;0000;3;;;
240213;0000;3;;;
240214;0000;6;;;
240215;0000;5;;;
240216;0000;7;;;
240217;0000;5;;;
240218;0000;2;;;
240219;0000;6;;;
240220;0000;8;;;
240221;0000;6;;;
240222;0000;5;;;
240223;0000;5;;;
240224;0000;3;;;
240225;0000;6;;;
240226;0000;5;;;
240227;0000;5;;;
240228;0000;5;;;
240229;0000;5;;;
240301;0000;6;;;
240302;0000;6;;;
240303;0000;6;;;
240304;0000;5;;;
240305;0000;6;;;
240306;0000;8;;;
240307;0000;9;;;
240308;0000;8;;;
240309;0000;7;;;
240310;0000;8;;;
240311;0000;9;;;
240312;0000;8;;;
240313;0000;9;;;
240314;0000;8;;;
240315;0000;9;;;
240316;0000;10;;;
240317;0000;9;;;
240318;0000;10;;;
240319;0000;10;;;
240320;0000;9;;;
240321;0000;8;;;
240322;0000;9;;;
240323;0000;6;;;
240324;0000;4;;;
240325;0000;;;5;
240326;0000;;;2;
240327;0000;;;1;
240328;0000;;;3;
240329;0000;6;;;
240330;0000;7;;;
240331;0000;6;;;
240401;0000;7;;;
240402;0000;8;;;
240403;0000;10;;;
240404;0000;9;;;
240405;0000;10;;;
240406;0000;9;;;
240407;0000;9;;;
240408;0000;11;;;
240409;0000;11;;;
240410;0000;11;;;
240411;0000;11;;;
240412;0000;10;;;
240413;0000;6;;;
240414;0000;6;;;
240415;0000;9;;;
240416;0000;11;;;
240417;0000;13;;;
240418;0000;12;;;
240419;0000;11;;;
240420;0000;14;;;
240421;0000;14;;;
240422;0000;12;;;
240423;0000;9;;;
240424;0000;7;;;
240425;0000;7;;;
240426;0000;9;;;
240427;0000;10;;;
240428;0000;10;;;
240429;0000;14;;;
240430;0000;11;;;
240501;0000;11;;;
240502;0000;11;;;
240503;0000;10;;;
240504;0000;10;;;
240505;0000;12;;;
240506;0000;14;;;
240507;0000;11;;;
240508;0000;10;;;
240509;0000;12;;;
240510;0000;14;;;
240511;0000;13;;;
240512;0000;10;;;
240513;0000;13;;;
240514;0000;13;;;
240515;0000;20;;;
240516;0000;13;;;
240517;0000;13;;;
240518;0000;9;;;
240519;0000;15;;;
240520;0000;21;;;
240521;0000;24;;;
240522;0000;18;;;
240523;0000;13;;;
240524;0000;14;;;
240525;0000;12;;;
240526;0000;9;;;
240527;0000;11;;;
240528;0000;15;;;
240529;0000;17;;;
240530;0000;20;;;
240531;0000;25;;;
240601;0000;;20;;
240602;0000;;25;;
240603;0000;;20;;
240604;0000;;;;
240605;0000;;23;;
240606;0000;;19;;
240607;0000;;21;;
240608;0000;;17;;
240609;0000;;14;;
240610;0000;;12;;
240611;0000;;12;;
240612;0000;;18;;
240613;0000;;15;;
240614;0000;;14;;
240615;0000;;12;;
240616;0000;;13;;
240617;0000;;9;;
240618;0000;;10;;
240619;0000;;9;;
240620;0000;;10;;
240621;0000;;9;;
240622;0000;;12;;
240623;0000;;10;;
240624;0000;;11;;
240625;0000;;10;;
240626;0000;;15;;
240627;0000;;15;;
240628;0000;;18;;
240629;0000;;16;;
240630;0000;;15;;
240701;0000;;17;;
240702;0000;;26;;
240703;0000;;16;;
240704;0000;;16;;
240705;0000;;18;;
240706;0000;;18;;
240707;0000;;14;;
240708;0000;;14;;
240709;0000;;12;;
240710;0000;;12;;
240711;0000;;9;;
240712;0000;;9;;
240713;0000;;10;;
240714;0000;;12;;
240715;0000;;17;;
240716;0000;;15;;
240717;0000;;19;;
240718;0000;;19;;
240719;0000;;18;;
240720;0000;;16;;
240721;0000;;13;;
240722;0000;;10;;
240723;0000;;8;;
