Dia - Mes,Temperatura media,Fecha Momento minima,Temperatura minima,Fecha Momento maxima,Temperatura maxima
180101,19.7,130101,14.9,070101,27.7
180102,19.6,030102,14.9,070102,25.0
180103,19.8,970103,15.0,980103,25.1
180104,19.7,930104,15.0,980104,25.5
180105,19.9,030105,14.8,170105,26.8
180106,20.0,940106,15.0,170106,25.8
180107,20.0,130107,14.6,980107,27.9
180108,20.1,130108,14.7,140108,27.2
180109,20.1,110109,14.9,140109,26.5
180110,20.0,960110,14.5,950110,25.9
180111,20.0,110111,15.0,050111,26.7
180112,20.0,950112,15.0,980112,26.0
180113,20.2,120113,15.1,950113,26.6
180114,20.3,990114,14.7,980114,26.1
180115,20.4,120115,15.0,980115,26.3
180116,20.4,120116,14.7,170116,26.8
180117,20.6,120117,15.3,980117,31.8
180118,20.5,990118,14.0,080118,27.4
180119,20.4,990119,14.7,170119,28.6
180120,20.4,110120,14.5,170120,27.7
180121,20.4,990121,14.7,170121,30.3
180122,20.4,960122,15.3,170122,28.3
180123,20.3,910123,15.5,170123,28.4
180124,20.4,020124,13.6,950124,26.4
180125,20.3,090125,15.3,170125,26.1
180126,20.4,020126,14.8,170126,29.3
180127,20.4,050127,15.3,170127,27.5
180128,20.4,070128,15.1,170128,26.5
180129,20.6,070129,14.7,030129,27.3
180130,20.5,970130,15.2,030130,28.2
180131,20.3,050131,13.8,160131,26.4
180201,20.5,050201,12.9,170201,27.0
180202,20.3,050202,12.9,170202,27.6
180203,20.3,050203,14.5,980203,26.0
180204,20.3,050204,14.0,980204,26.0
180205,20.4,970205,14.9,130205,26.0
180206,20.4,120206,14.7,900206,27.9
180207,20.2,050207,14.2,030207,25.4
180208,20.2,050208,14.5,130208,26.1
180209,20.2,000209,14.8,980209,26.8
180210,20.3,.,14.7,980210,26.7
180211,20.3,000211,15.1,890211,26.0
180212,20.1,960212,15.4,120212,27.5
180213,20.2,000213,15.0,890213,25.6
180214,20.2,050214,14.6,060214,26.8
180215,20.3,960215,14.7,060215,26.1
180216,20.3,960216,15.2,890216,25.6
180217,20.1,050217,14.9,010217,25.1
180218,20.1,000218,14.7,090218,25.7
180219,20.1,000219,14.9,150219,29.1
180220,20.1,900220,15.1,980220,25.6
180221,20.1,130221,14.3,980221,27.7
180222,20.0,910222,15.0,160222,28.0
180223,20.0,070223,14.9,170223,27.6
180224,20.0,120224,14.4,170224,27.0
180225,20.0,950225,14.4,170225,27.0
180226,20.0,080226,14.5,170226,27.6
180227,19.9,080227,14.1,170227,27.1
180228,19.8,950228,13.8,170228,25.8
180229,19.2,960229,14.9,160229,24.7
180301,19.6,950301,14.4,980301,25.2
180302,19.6,000302,14.4,970302,26.2
180303,19.6,000303,13.5,.,30.6
180304,19.7,000304,13.6,970304,27.9
180305,19.7,140305,14.0,970305,26.2
180306,19.6,900306,14.4,050306,25.4
180307,19.6,090307,14.7,010307,25.9
180308,19.5,070308,14.6,080308,24.8
180309,19.4,100309,14.7,000309,25.6
180310,19.4,070310,14.5,140310,24.6
180311,19.3,070311,15.0,920311,25.4
180312,19.5,080312,14.4,150312,25.6
180313,19.4,080313,13.9,990313,25.8
180314,19.2,080314,14.0,020314,25.0
180315,19.1,040315,13.5,980315,27.3
180316,19.2,050316,13.7,980316,25.4
180317,19.1,040317,13.4,920317,25.1
180318,19.1,900318,14.0,090318,24.8
180319,19.1,130319,13.5,920319,24.5
180320,18.9,080320,13.9,920320,24.9
180321,19.0,130321,13.9,150321,26.0
180322,18.7,180322,13.3,150322,24.1
180323,18.7,910323,13.0,150323,26.5
180324,18.7,000324,14.0,150324,26.6
180325,18.7,970325,13.6,920325,24.2
180326,18.6,060326,13.6,920326,28.3
180327,18.8,050327,13.2,920327,26.0
180328,18.4,060328,13.1,920328,24.4
180329,18.4,060329,13.4,000329,24.2
180330,18.4,070330,13.2,140330,26.1
180331,18.3,890331,12.9,100331,25.4
180401,18.5,130401,12.9,920401,23.9
180402,18.4,030402,12.9,980402,23.4
180403,18.2,030403,12.2,980403,23.6
180404,17.9,130404,11.9,980404,23.8
180405,17.8,030405,11.8,160405,23.6
180406,17.8,000406,12.3,920406,24.2
180407,17.7,000407,12.3,980407,24.8
180408,17.6,030408,10.0,980408,23.7
180409,17.7,000409,11.1,120409,27.7
180410,17.6,060410,11.5,120410,25.7
180411,17.5,060411,11.5,900411,25.2
180412,17.4,080412,10.9,000412,26.1
180413,17.6,050413,11.0,000413,28.3
180414,17.5,060414,11.4,000414,24.4
180415,17.4,130415,11.3,890415,24.1
180416,17.2,130416,11.1,150416,22.3
180417,17.1,130417,11.6,170417,22.6
180418,17.2,030418,11.5,930418,23.4
180419,17.1,030419,11.2,890419,24.8
180420,16.9,020420,11.4,120420,22.6
180421,16.7,080421,10.9,.,21.8
180422,16.8,000422,11.4,090422,22.8
180423,16.6,080423,11.2,060423,23.2
180424,16.9,130424,11.0,050424,24.7
180425,16.7,130425,11.3,050425,23.9
180426,16.3,910426,10.4,150426,21.4
180427,16.4,130427,10.9,930427,21.5
180428,16.3,900428,9.9,180428,23.7
180429,16.5,900429,10.6,890429,24.0
180430,16.3,010430,9.8,160430,22.5
180501,16.2,010501,9.6,100501,24.1
180502,16.1,010502,9.5,970502,22.1
180503,16.2,080503,8.7,970503,24.2
180504,16.2,890504,9.8,940504,23.3
180505,16.4,890505,10.0,010505,23.9
180506,16.3,000506,10.6,.,23.0
180507,16.3,120507,11.2,970507,26.7
180508,16.0,990508,10.6,970508,22.3
180509,16.0,070509,9.0,920509,21.9
180510,15.9,070510,7.9,170510,25.8
180511,15.9,890511,8.8,170511,25.0
180512,16.0,010512,8.6,170512,27.9
180513,16.0,890513,9.2,920513,22.5
180514,16.1,010514,9.3,000514,23.9
180515,15.7,930515,9.9,970515,22.3
180516,15.8,040516,9.1,970516,22.0
180517,15.5,890517,9.4,970517,21.2
180518,15.6,080518,9.2,970518,21.8
180519,15.8,070519,9.4,.,27.0
180520,15.6,000520,9.9,010520,22.4
180521,15.2,000521,9.5,900521,21.1
180522,15.2,890522,8.2,970522,22.2
180523,15.4,040523,9.8,970523,24.1
180524,15.3,040524,9.2,920524,21.3
180525,15.3,070525,9.4,020525,28.6
180526,15.3,040526,8.1,020526,25.7
180527,15.1,990527,9.0,920527,22.7
180528,15.1,080528,9.5,970528,22.6
180529,15.2,040529,8.2,910529,22.4
180530,15.1,070530,8.9,910530,22.3
180531,14.9,080531,8.3,970531,20.9
180601,14.8,090601,9.1,990601,20.5
180602,14.9,080602,9.1,160602,23.8
180603,14.8,080603,9.9,000603,22.0
180604,14.9,030604,9.5,970604,22.1
180605,14.7,040605,8.1,970605,20.7
180606,14.6,900606,9.1,920606,20.4
180607,14.7,040607,9.3,970607,21.0
180608,14.4,040608,7.7,970608,21.2
180609,14.3,140609,7.6,970609,21.3
180610,14.7,990610,8.8,970610,23.5
180611,14.7,140611,8.5,970611,20.7
180612,14.7,990612,8.9,970612,22.6
180613,14.6,060613,8.5,950613,20.8
180614,14.7,020614,7.9,.,21.4
180615,14.6,020615,8.7,900615,20.4
180616,14.6,960616,10.4,970616,21.4
180617,14.6,040617,8.8,970617,23.6
180618,14.6,020618,7.3,970618,21.3
180619,14.3,000619,7.4,970619,20.4
180620,14.3,000620,7.2,970620,21.9
180621,14.1,130621,8.2,150621,20.0
180622,14.3,130622,9.1,970622,20.2
180623,14.4,990623,8.7,000623,20.9
180624,14.1,060624,8.6,970624,20.4
180625,14.4,010625,7.5,930625,19.7
180626,14.5,130626,7.9,170626,22.2
180627,14.1,140627,7.4,980627,19.8
180628,14.3,960628,8.5,990628,20.3
180629,14.2,100629,6.1,930629,19.6
180630,13.9,.,8.2,.,19.4
180701,14.0,960701,8.3,050701,19.7
180702,13.9,960702,7.3,060702,20.4
180703,14.0,960702,8.5,060703,21.4
180704,14.1,890704,7.3,970704,21.1
180705,14.0,890705,7.7,970705,21.7
180706,14.1,120706,7.5,060706,22.7
180707,14.0,940707,6.7,970707,20.0
180708,14.0,940708,8.8,160708,20.8
180709,14.0,960709,8.8,160709,19.8
180710,13.9,000710,8.2,970710,21.4
180711,13.9,000711,7.5,970711,22.6
180712,13.9,000712,7.1,970712,20.0
180713,13.9,000713,8.6,060713,19.9
180714,13.9,990714,8.7,060714,20.4
180715,13.8,920715,8.2,910715,19.5
180716,13.6,090716,7.9,030716,18.9
180717,13.7,050717,7.5,970717,19.6
180718,13.5,.,5.9,060718,20.4
180719,13.7,100719,6.8,060719,20.5
180720,13.8,100720,6.0,060720,20.5
180721,13.9,050721,7.4,010721,20.3
180722,13.8,050722,6.6,020722,19.6
180723,13.6,050723,6.3,910723,19.8
180724,13.6,140724,7.0,970724,19.5
180725,13.7,090725,7.8,890725,19.8
180726,13.8,090726,8.5,970726,19.8
180727,13.7,960727,8.1,970727,20.1
180728,13.6,030728,7.1,970728,20.8
180729,13.7,030729,8.0,970729,20.7
180730,13.9,.,9.2,970730,19.8
180731,13.7,100730,8.7,970731,19.6
180801,13.6,940801,7.0,970801,20.1
180802,13.6,940802,8.3,970802,20.0
180803,13.8,040803,8.3,930803,20.0
180804,13.9,950804,8.6,970804,19.7
180805,14.0,910805,8.6,970805,19.9
180806,14.1,070806,8.9,970806,20.2
180807,14.0,910807,9.4,970807,19.6
180808,14.1,940808,9.2,990808,20.9
180809,13.9,940809,7.8,970809,22.2
180810,14.1,090810,9.7,970810,25.3
180811,14.1,910811,8.2,970811,27.0
180812,14.1,950812,8.4,970812,20.7
180813,14.0,950813,9.7,970813,19.3
180814,14.0,980814,7.0,970814,21.2
180815,13.9,980815,8.3,970815,19.7
180816,14.2,920816,8.8,970816,22.7
180817,14.0,030817,9.3,970817,23.2
180818,14.0,040818,8.0,970818,20.6
180819,14.0,930819,7.8,970819,19.3
180820,13.9,900820,10.2,970820,19.2
180821,14.0,990821,9.5,170821,19.7
180822,14.1,920822,8.9,170822,20.2
180823,14.0,090823,9.2,960823,19.5
180824,14.1,030824,8.4,970824,20.5
180825,14.2,980825,9.0,040825,20.5
180826,14.2,980826,7.3,020826,26.3
180827,14.3,070827,8.5,150827,21.9
180828,14.3,070828,9.3,130828,21.1
180829,14.5,070829,10.4,010829,21.6
180830,14.5,980830,8.9,040830,20.5
180831,14.4,050831,8.1,110831,20.6
180901,14.3,050901,8.3,110901,19.9
180902,14.5,940902,8.6,990902,20.2
180903,14.4,100903,9.0,180903,20.1
180904,14.4,070904,8.8,180904,20.8
180905,14.4,080905,9.5,970905,21.8
180906,14.5,080906,8.5,970906,20.2
180907,14.5,980907,8.4,940907,20.4
180908,14.6,980908,7.5,940908,21.7
180909,14.5,030909,9.3,130909,24.0
180910,14.5,030910,7.1,060910,19.5
180911,14.4,980911,9.9,150911,19.5
180912,14.5,890912,9.0,040912,20.6
180913,14.5,010913,8.6,110913,21.1
180914,14.3,890914,6.9,150914,20.8
180915,14.5,050915,9.6,150915,21.0
180916,14.5,050916,9.6,960916,21.2
180917,14.6,100917,9.5,970917,25.0
180918,14.6,100918,9.8,970918,24.2
180919,14.7,120919,10.1,970919,20.4
180920,14.7,130920,9.0,150920,20.5
180921,15.0,120921,11.0,.,21.1
180922,15.0,990922,10.0,000922,21.1
180923,15.0,070923,10.3,940923,20.4
180924,14.9,070924,11.1,020924,20.9
180925,14.9,050925,9.3,150925,20.8
180926,15.0,040926,10.9,970926,22.1
180927,15.1,070927,11.3,940927,21.2
180928,15.1,890928,11.4,100928,20.0
180929,15.0,900929,9.5,150929,21.0
180930,15.2,010930,9.9,970930,20.3
181001,15.0,991001,11.0,971001,22.0
181002,15.1,171002,10.9,961002,20.7
181003,15.2,071003,10.2,111003,20.6
181004,15.3,101004,9.9,171004,21.1
181005,15.2,891005,10.1,941005,23.6
181006,15.4,911006,11.1,161006,22.1
181007,15.3,901007,10.6,941007,21.0
181008,15.3,901008,9.4,011008,21.1
181009,15.4,901009,10.7,011009,20.7
181010,15.4,901010,9.2,941010,21.3
181011,15.3,951011,10.3,941011,20.3
181012,15.4,911012,11.0,971012,24.1
181013,15.6,961013,10.0,971013,25.7
181014,15.5,101014,10.3,031014,22.9
181015,15.5,111014,11.1,031015,20.8
181016,15.4,181016,10.6,141016,21.1
181017,15.5,111017,10.6,141017,21.1
181018,15.6,.,10.4,151018,21.7
181019,15.6,901019,11.2,971019,20.8
181020,15.8,111020,12.1,911020,21.1
181021,15.7,901021,11.1,031021,21.3
181022,16.0,121022,11.9,991022,21.4
181023,15.9,071023,10.9,011023,21.0
181024,16.0,001024,10.9,971024,20.1
181025,15.9,981025,12.0,141025,21.4
181026,16.1,171026,12.8,931026,22.8
181027,16.2,901027,12.6,891027,22.0
181028,16.3,111028,12.1,961028,21.2
181029,16.3,001029,12.2,091029,22.4
181030,16.3,071030,10.8,091030,22.3
181031,16.3,941031,11.4,991031,22.6
181101,16.4,931101,12.0,091101,23.6
181102,16.4,001102,10.8,941102,23.4
181103,16.5,011103,11.8,941103,21.7
181104,16.5,991104,12.7,161104,22.5
181105,16.6,071105,11.0,921105,21.1
181106,16.6,891106,12.7,981106,20.8
181107,16.8,071107,12.9,931107,22.6
181108,16.9,021108,12.8,971108,21.5
181109,16.8,111109,13.8,971109,21.3
181110,16.8,991110,13.4,971110,22.4
181111,16.8,021111,11.1,921111,22.9
181112,16.9,001112,12.0,081112,21.6
181113,17.0,041113,12.7,081113,21.9
181114,16.9,131114,12.2,081114,21.1
181115,17.1,911115,11.7,081115,21.4
181116,16.9,001116,11.4,971116,21.6
181117,17.0,001117,11.0,131117,21.4
181118,17.1,091118,12.3,921118,24.5
181119,17.3,941119,13.0,971119,21.6
181120,17.4,131120,13.4,961120,22.5
181121,17.3,011121,12.0,161121,22.2
181122,17.5,991122,12.8,031122,22.5
181123,17.7,961123,14.4,951123,21.9
181124,17.6,101124,12.8,971124,23.1
181125,17.7,931125,12.8,961125,23.5
181126,17.8,071126,12.8,031126,23.3
181127,17.7,011127,12.6,031127,22.6
181128,17.7,011128,12.9,031128,22.6
181129,17.8,011129,12.6,971129,22.9
181130,17.9,121130,13.4,971130,22.9
181201,17.7,071201,13.4,971201,22.4
181202,18.2,071202,13.8,971202,23.1
181203,18.1,991203,12.3,121203,23.9
181204,18.2,991204,13.3,131204,23.9
181205,18.1,991205,12.5,921205,23.5
181206,18.1,951206,13.9,911206,23.6
181207,18.1,051207,12.1,971207,23.7
181208,18.2,051208,12.7,971208,24.0
181209,18.2,071209,12.5,971209,25.1
181210,18.3,051210,13.0,971210,25.0
181211,18.1,071211,13.6,971211,24.4
181212,18.3,021212,13.3,971212,24.5
181213,18.6,901213,13.8,971213,25.1
181214,18.5,901214,13.0,041214,24.6
181215,18.6,071215,13.7,041215,25.2
181216,18.5,071216,12.8,971216,25.4
181217,18.8,071217,13.0,971217,25.4
181218,18.8,911218,14.0,011218,27.8
181219,18.8,981219,14.7,971219,24.7
181220,19.1,901220,13.7,001220,24.7
181221,19.0,951221,14.3,971221,25.3
181222,19.0,141222,13.8,971222,25.5
181223,19.0,951223,14.2,941223,25.0
181224,19.0,021224,13.2,971224,24.9
181225,19.2,141225,14.6,971225,25.6
181226,19.3,961226,14.0,971226,25.7
181227,19.4,121227,13.3,971227,25.6
181228,19.4,031228,14.2,971228,25.9
181229,19.4,121229,14.1,971229,25.5
181230,19.6,141230,14.3,961230,25.2
181231,19.6,021231,14.0,061231,26.3
190101,19.7,130101,14.9,070101,27.7
190102,19.7,030102,14.9,070102,25.0
190103,19.8,970103,15.0,980103,25.1
190104,19.8,930104,15.0,980104,25.5
190105,20.0,030105,14.8,170105,26.8
190106,20.0,940106,15.0,170106,25.8
190107,20.0,130107,14.6,980107,27.9
190108,20.1,130108,14.7,140108,27.2
190109,20.1,110109,14.9,140109,26.5
190110,20.0,960110,14.5,950110,25.9
190111,20.0,110111,15.0,050111,26.7
190112,20.1,950112,15.0,980112,26.0
190113,20.2,120113,15.1,950113,26.6
190114,20.2,990114,14.7,980114,26.1
190115,20.4,120115,15.0,980115,26.3
190116,20.4,120116,14.7,170116,26.8
190117,20.5,120117,15.3,980117,31.8
190118,20.5,990118,14.0,080118,27.4
190119,20.4,990119,14.7,170119,28.6
190120,20.4,110120,14.5,170120,27.7
190121,20.4,990121,14.7,170121,30.3
190122,20.4,960122,15.3,170122,28.3
190123,20.3,910123,15.5,170123,28.4
190124,20.4,020124,13.6,950124,26.4
190125,20.3,090125,15.3,170125,26.1
190126,20.3,020126,14.8,170126,29.3
190127,20.3,050127,15.3,170127,27.5
190128,20.5,070128,15.1,190128,27.2
190129,20.6,070129,14.7,030129,27.3
190130,20.5,970130,15.2,030130,28.2
190131,20.4,050131,13.8,160131,26.4
190201,20.5,050201,12.9,170201,27.0
190202,20.3,050202,12.9,170202,27.6
190203,20.3,050203,14.5,980203,26.0
190204,20.4,050204,14.0,980204,26.0
190205,20.4,970205,14.9,130205,26.0
190206,20.5,120206,14.7,900206,27.9
190207,20.3,050207,14.2,190207,25.6
190208,20.2,050208,14.5,130208,26.1
190209,20.2,000209,14.8,980209,26.8
190210,20.3,.,14.7,980210,26.7
190211,20.3,000211,15.1,120211,25.6
190212,20.1,960212,15.4,120212,27.5
190213,20.2,000213,15.0,010213,25.0
190214,20.2,050214,14.6,060214,26.8
190215,20.2,960215,14.7,060215,26.1
190216,20.2,960216,15.2,100216,25.6
190217,20.0,050217,14.9,010217,25.1
190218,20.1,000218,14.7,090218,25.7
190219,20.0,000219,14.9,150219,29.1
190220,20.1,900220,15.1,980220,25.6
190221,20.0,130221,14.3,980221,27.7
190222,20.0,910222,15.0,160222,28.0
190223,19.9,070223,14.9,170223,27.6
190224,20.0,120224,14.4,170224,27.0
190225,20.0,950225,14.4,170225,27.0
190226,20.0,080226,14.5,170226,27.6
190227,19.9,080227,14.1,170227,27.1
190228,19.8,950228,13.8,170228,25.8
190229,19.2,960229,14.9,160229,24.7
190301,19.6,950301,14.4,980301,25.2
190302,19.5,000302,14.4,970302,26.2
190303,19.6,000303,13.5,.,30.6
190304,19.7,000304,13.6,970304,27.9
190305,19.7,140305,14.0,970305,26.2
190306,19.6,900306,14.4,050306,25.4
190307,19.6,090307,14.7,010307,25.9
190308,19.4,070308,14.6,080308,24.8
190309,19.4,100309,14.7,000309,25.6
190310,19.4,070310,14.5,140310,24.6
190311,19.3,070311,15.0,920311,25.4
190312,19.5,080312,14.4,150312,25.6
190313,19.4,080313,13.9,990313,25.8
190314,19.2,080314,14.0,020314,25.0
190315,19.1,040315,13.5,980315,27.3
190316,19.2,050316,13.7,980316,25.4
190317,19.1,040317,13.4,920317,25.1
190318,19.1,900318,14.0,090318,24.8
190319,19.1,130319,13.5,920319,24.5
190320,18.9,080320,13.9,920320,24.9
190321,19.0,130321,13.9,150321,26.0
190322,18.7,180322,13.3,150322,24.1
190323,18.7,910323,13.0,150323,26.5
190324,18.8,000324,14.0,150324,26.6
190325,18.7,970325,13.6,920325,24.2
190326,18.6,060326,13.6,920326,28.3
190327,18.8,050327,13.2,920327,26.0
190328,18.5,060328,13.1,920328,24.4
190329,18.5,060329,13.4,000329,24.2
190330,18.4,070330,13.2,140330,26.1
190331,18.3,030331,13.0,100331,25.4
190401,18.5,130401,12.9,920401,23.9
190402,18.4,030402,12.9,980402,23.4
190403,18.3,030403,12.2,980403,23.6
190404,17.9,130404,11.9,980404,23.8
190405,17.8,030405,11.8,160405,23.6
190406,17.8,000406,12.3,920406,24.2
190407,17.7,000407,12.3,980407,24.8
190408,17.6,030408,10.0,980408,23.7
190409,17.7,000409,11.1,120409,27.7
190410,17.7,060410,11.5,120410,25.7
190411,17.5,060411,11.5,900411,25.2
190412,17.4,080412,10.9,000412,26.1
190413,17.6,050413,11.0,000413,28.3
190414,17.5,060414,11.4,000414,24.4
190415,17.3,130415,11.3,040415,22.6
190416,17.2,130416,11.1,150416,22.3
190417,17.1,130417,11.6,170417,22.6
190418,17.2,030418,11.5,930418,23.4
190419,17.1,030419,11.2,090419,23.6
190420,16.9,020420,11.4,120420,22.6
190421,16.7,080421,10.9,.,21.8
190422,16.8,000422,11.4,090422,22.8
190423,16.7,080423,11.2,060423,23.2
190424,17.0,130424,11.0,050424,24.7
190425,16.8,130425,11.3,050425,23.9
190426,16.3,910426,10.4,150426,21.4
190427,16.4,130427,10.9,930427,21.5
190428,16.3,900428,9.9,180428,23.7
190429,16.5,900429,10.6,970429,23.4
190430,16.4,010430,9.8,160430,22.5
190501,16.3,010501,9.6,100501,24.1
190502,16.1,010502,9.5,970502,22.1
190503,16.3,080503,8.7,970503,24.2
190504,16.3,080504,9.9,940504,23.3
190505,16.4,900505,11.0,010505,23.9
190506,16.4,000506,10.6,.,23.0
190507,16.3,120507,11.2,970507,26.7
190508,16.0,990508,10.6,970508,22.3
190509,16.0,070509,9.0,920509,21.9
190510,15.9,070510,7.9,170510,25.8
190511,16.0,010511,9.5,170511,25.0
190512,16.0,010512,8.6,170512,27.9
190513,16.1,070513,9.2,920513,22.5
190514,16.0,010514,9.3,000514,23.9
190515,15.7,930515,9.9,970515,22.3
190516,15.8,040516,9.1,970516,22.0
190517,15.5,040517,9.9,970517,21.2
190518,15.6,080518,9.2,970518,21.8
190519,15.8,070519,9.4,.,27.0
190520,15.6,000520,9.9,010520,22.4
190521,15.2,000521,9.5,900521,21.1
190522,15.2,000522,9.0,970522,22.2
190523,15.3,190523,9.5,970523,24.1
190524,15.3,040524,9.2,920524,21.3
190525,15.3,070525,9.4,020525,28.6
190526,15.3,040526,8.1,020526,25.7
190527,15.2,990527,9.0,920527,22.7
190528,15.1,080528,9.5,970528,22.6
190529,15.2,040529,8.2,910529,22.4
190530,15.1,070530,8.9,910530,22.3
190531,14.9,080531,8.3,970531,20.9
190601,14.8,090601,9.1,990601,20.5
190602,15.0,080602,9.1,160602,23.8
190603,14.9,080603,9.9,000603,22.0
190604,15.0,030604,9.5,970604,22.1
190605,14.7,040605,8.1,970605,20.7
190606,14.6,900606,9.1,920606,20.4
190607,14.7,040607,9.3,970607,21.0
190608,14.4,040608,7.7,970608,21.2
190609,14.3,140609,7.6,970609,21.3
190610,14.7,990610,8.8,970610,23.5
190611,14.7,140611,8.5,970611,20.7
190612,14.7,990612,8.9,970612,22.6
190613,14.6,060613,8.5,950613,20.8
190614,14.7,020614,7.9,.,21.4
190615,14.6,020615,8.7,900615,20.4
190616,14.6,190616,10.3,970616,21.4
190617,14.5,040617,8.8,970617,23.6
190618,14.6,020618,7.3,970618,21.3
190619,14.3,000619,7.4,970619,20.4
190620,14.3,000620,7.2,970620,21.9
190621,14.2,130621,8.2,150621,20.0
190622,14.3,130622,9.1,970622,20.2
190623,14.4,990623,8.7,000623,20.9
190624,14.1,060624,8.6,970624,20.4
190625,14.3,010625,7.5,930625,19.7
190626,14.4,130626,7.9,170626,22.2
190627,14.1,140627,7.4,980627,19.8
190628,14.3,960628,8.5,990628,20.3
190629,14.1,100629,6.1,930629,19.6
190630,13.9,.,8.2,.,19.4
190701,14.0,960701,8.3,050701,19.7
190702,13.9,960702,7.3,060702,20.4
190703,14.0,960702,8.5,060703,21.4
190704,14.2,990704,8.1,970704,21.1
190705,14.1,990705,7.8,970705,21.7
190706,14.1,120706,7.5,060706,22.7
190707,14.1,940707,6.7,970707,20.0
190708,14.0,940708,8.8,160708,20.8
190709,14.0,960709,8.8,160709,19.8
190710,13.9,000710,8.2,970710,21.4
190711,13.9,000711,7.5,970711,22.6
190712,13.9,000712,7.1,970712,20.0
190713,13.8,000713,8.6,060713,19.9
190714,13.8,990714,8.7,060714,20.4
190715,13.8,920715,8.2,910715,19.5
190716,13.6,090716,7.9,030716,18.9
190717,13.6,050717,7.5,970717,19.6
190718,13.5,.,5.9,060718,20.4
190719,13.7,100719,6.8,060719,20.5
190720,13.9,100720,6.0,060720,20.5
190721,13.9,050721,7.4,010721,20.3
190722,13.8,050722,6.6,020722,19.6
190723,13.6,050723,6.3,910723,19.8
190724,13.6,140724,7.0,970724,19.5
190725,13.6,090725,7.8,970725,19.8
190726,13.7,090726,8.5,970726,19.8
190727,13.7,960727,8.1,970727,20.1
190728,13.6,030728,7.1,970728,20.8
190729,13.6,030729,8.0,970729,20.7
190730,13.8,.,9.2,970730,19.8
190731,13.8,100730,8.7,970731,19.6
190801,13.6,940801,7.0,970801,20.1
190802,13.6,940802,8.3,970802,20.0
190803,13.8,040803,8.3,930803,20.0
190804,13.9,950804,8.6,970804,19.7
190805,13.9,910805,8.6,970805,19.9
190806,14.1,070806,8.9,970806,20.2
190807,13.9,910807,9.4,970807,19.6
190808,14.1,940808,9.2,990808,20.9
190809,13.9,940809,7.8,970809,22.2
190810,14.0,090810,9.7,970810,25.3
190811,14.1,910811,8.2,970811,27.0
190812,14.0,950812,8.4,970812,20.7
190813,14.0,950813,9.7,190813,20.3
190814,14.0,980814,7.0,970814,21.2
190815,13.9,980815,8.3,970815,19.7
190816,14.2,920816,8.8,970816,22.7
190817,14.0,030817,9.3,970817,23.2
190818,14.0,040818,8.0,970818,20.6
190819,14.0,930819,7.8,970819,19.3
190820,13.9,900820,10.2,970820,19.2
190821,14.0,990821,9.5,170821,19.7
190822,14.1,920822,8.9,170822,20.2
190823,14.0,090823,9.2,960823,19.5
190824,14.1,030824,8.4,970824,20.5
190825,14.2,980825,9.0,040825,20.5
190826,14.1,980826,7.3,020826,26.3
190827,14.4,070827,8.5,150827,21.9
190828,14.3,070828,9.3,130828,21.1
190829,14.5,070829,10.4,010829,21.6
190830,14.5,980830,8.9,040830,20.5
190831,14.4,050831,8.1,110831,20.6
190901,14.3,050901,8.3,110901,19.9
190902,14.4,940902,8.6,990902,20.2
190903,14.4,100903,9.0,180903,20.1
190904,14.4,070904,8.8,180904,20.8
190905,14.4,080905,9.5,970905,21.8
190906,14.5,080906,8.5,970906,20.2
190907,14.5,980907,8.4,940907,20.4
190908,14.6,980908,7.5,940908,21.7
190909,14.5,030909,9.3,130909,24.0
190910,14.5,030910,7.1,060910,19.5
190911,14.4,980911,9.9,150911,19.5
190912,14.5,140912,10.0,040912,20.6
190913,14.5,010913,8.6,110913,21.1
190914,14.4,170914,9.0,150914,20.8
190915,14.5,050915,9.6,150915,21.0
190916,14.5,050916,9.6,960916,21.2
190917,14.6,100917,9.5,970917,25.0
190918,14.6,100918,9.8,970918,24.2
190919,14.6,120919,10.1,970919,20.4
190920,14.7,130920,9.0,150920,20.5
190921,14.9,120921,11.0,.,21.1
190922,14.9,990922,10.0,000922,21.1
190923,14.9,070923,10.3,940923,20.4
190924,14.9,070924,11.1,020924,20.9
190925,14.8,050925,9.3,150925,20.8
190926,15.0,040926,10.9,970926,22.1
190927,15.1,070927,11.3,940927,21.2
190928,15.1,090927,11.8,100928,20.0
190929,15.0,900929,9.5,150929,21.0
190930,15.3,010930,9.9,970930,20.3
191001,15.0,991001,11.0,971001,22.0
191002,15.0,171002,10.9,961002,20.7
191003,15.2,071003,10.2,111003,20.6
191004,15.2,101004,9.9,171004,21.1
191005,15.2,971005,12.2,941005,23.6
191006,15.4,911006,11.1,161006,22.1
191007,15.3,901007,10.6,941007,21.0
191008,15.3,901008,9.4,011008,21.1
191009,15.4,901009,10.7,011009,20.7
191010,15.4,901010,9.2,941010,21.3
191011,15.3,951011,10.3,941011,20.3
191012,15.4,911012,11.0,971012,24.1
191013,15.6,961013,10.0,971013,25.7
191014,15.6,101014,10.3,031014,22.9
191015,15.6,111014,11.1,031015,20.8
191016,15.4,181016,10.6,141016,21.1
191017,15.5,111017,10.6,141017,21.1
191018,15.6,.,10.4,151018,21.7
191019,15.6,901019,11.2,971019,20.8
191020,15.8,111020,12.1,911020,21.1
191021,15.7,901021,11.1,031021,21.3
191022,16.0,121022,11.9,991022,21.4
191023,15.8,071023,10.9,011023,21.0
191024,15.9,001024,10.9,971024,20.1
191025,15.9,981025,12.0,141025,21.4
191026,16.1,171026,12.8,931026,22.8
191027,16.1,901027,12.6,161027,20.5
191028,16.2,111028,12.1,961028,21.2
191029,16.3,001029,12.2,091029,22.4
191030,16.3,071030,10.8,091030,22.3
191031,16.3,941031,11.4,991031,22.6
191101,16.4,931101,12.0,091101,23.6
191102,16.4,001102,10.8,941102,23.4
191103,16.5,011103,11.8,941103,21.7
191104,16.5,991104,12.7,161104,22.5
191105,16.5,071105,11.0,921105,21.1
191106,16.6,981106,13.1,981106,20.8
191107,16.7,071107,12.9,931107,22.6
191108,16.8,021108,12.8,971108,21.5
191109,16.8,111109,13.8,971109,21.3
191110,16.8,991110,13.4,971110,22.4
191111,16.9,021111,11.1,921111,22.9
191112,16.9,001112,12.0,081112,21.6
191113,17.0,041113,12.7,081113,21.9
191114,16.9,131114,12.2,081114,21.1
191115,17.1,911115,11.7,081115,21.4
191116,17.0,001116,11.4,971116,21.6
191117,17.0,001117,11.0,131117,21.4
191118,17.2,091118,12.3,921118,24.5
191119,17.3,941119,13.0,191119,22.8
191120,17.4,131120,13.4,961120,22.5
191121,17.3,011121,12.0,191121,22.5
191122,17.6,991122,12.8,191122,23.1
191123,17.7,961123,14.4,951123,21.9
191124,17.6,101124,12.8,971124,23.1
191125,17.7,931125,12.8,961125,23.5
191126,17.8,071126,12.8,031126,23.3
191127,17.6,011127,12.6,031127,22.6
191128,17.6,011128,12.9,031128,22.6
191129,17.8,011129,12.6,971129,22.9
191130,17.8,121130,13.4,971130,22.9
191201,17.7,071201,13.4,971201,22.4
191202,18.1,071202,13.8,971202,23.1
191203,18.1,991203,12.3,121203,23.9
191204,18.1,991204,13.3,131204,23.9
191205,18.0,991205,12.5,921205,23.5
191206,18.1,951206,13.9,911206,23.6
191207,18.1,051207,12.1,971207,23.7
191208,18.2,051208,12.7,971208,24.0
191209,18.2,071209,12.5,971209,25.1
191210,18.3,051210,13.0,971210,25.0
191211,18.1,071211,13.6,971211,24.4
191212,18.3,021212,13.3,971212,24.5
191213,18.6,901213,13.8,971213,25.1
191214,18.5,901214,13.0,041214,24.6
191215,18.6,071215,13.7,041215,25.2
191216,18.5,071216,12.8,971216,25.4
191217,18.8,071217,13.0,971217,25.4
191218,18.8,911218,14.0,011218,27.8
191219,18.8,981219,14.7,971219,24.7
191220,19.0,901220,13.7,001220,24.7
191221,18.9,951221,14.3,971221,25.3
191222,19.0,141222,13.8,971222,25.5
191223,19.0,951223,14.2,941223,25.0
191224,19.0,021224,13.2,971224,24.9
191225,19.2,141225,14.6,971225,25.6
191226,19.3,961226,14.0,971226,25.7
191227,19.4,121227,13.3,971227,25.6
191228,19.3,031228,14.2,971228,25.9
191229,19.4,121229,14.1,971229,25.5
191230,19.6,141230,14.3,961230,25.2
191231,19.7,021231,14.0,061231,26.3
200101,19.7,130101,14.9,070101,27.7
200102,19.6,030102,14.9,070102,25.0
200103,19.8,970103,15.0,980103,25.1
200104,19.7,930104,15.0,980104,25.5
200105,20.0,030105,14.8,170105,26.8
200106,20.1,940106,15.0,200106,27.5
200107,20.0,130107,14.6,980107,27.9
200108,20.1,130108,14.7,140108,27.2
200109,20.0,110109,14.9,140109,26.5
200110,20.0,960110,14.5,950110,25.9
200111,20.0,110111,15.0,050111,26.7
200112,20.0,950112,15.0,980112,26.0
200113,20.1,120113,15.1,950113,26.6
200114,20.2,990114,14.7,980114,26.1
200115,20.3,120115,15.0,980115,26.3
200116,20.4,120116,14.7,170116,26.8
200117,20.6,120117,15.3,980117,31.8
200118,20.5,990118,14.0,080118,27.4
200119,20.5,990119,14.7,170119,28.6
200120,20.5,110120,14.5,170120,27.7
200121,20.5,990121,14.7,170121,30.3
200122,20.4,960122,15.3,170122,28.3
200123,20.4,910123,15.5,170123,28.4
200124,20.5,020124,13.6,200124,28.3
200125,20.4,090125,15.3,170125,26.1
200126,20.4,020126,14.8,170126,29.3
200127,20.3,050127,15.3,170127,27.5
200128,20.5,070128,15.1,190128,27.2
200129,20.7,070129,14.7,030129,27.3
200130,20.6,970130,15.2,030130,28.2
200131,20.4,050131,13.8,160131,26.4
200201,20.5,050201,12.9,170201,27.0
200202,20.3,050202,12.9,170202,27.6
200203,20.3,050203,14.5,980203,26.0
200204,20.4,050204,14.0,980204,26.0
200205,20.4,970205,14.9,130205,26.0
200206,20.4,120206,14.7,130206,25.9
200207,20.3,050207,14.2,190207,25.6
200208,20.2,050208,14.5,130208,26.1
200209,20.2,000209,14.8,980209,26.8
200210,20.3,.,14.7,980210,26.7
200211,20.3,000211,15.1,120211,25.6
200212,20.1,960212,15.4,120212,27.5
200213,20.2,000213,15.0,010213,25.0
200214,20.2,050214,14.6,060214,26.8
200215,20.2,960215,14.7,060215,26.1
200216,20.3,960216,15.2,100216,25.6
200217,20.1,050217,14.9,010217,25.1
200218,20.2,000218,14.7,090218,25.7
200219,20.1,000219,14.9,150219,29.1
200220,20.1,130220,15.2,980220,25.6
200221,20.1,130221,14.3,980221,27.7
200222,20.0,910222,15.0,160222,28.0
200223,20.0,070223,14.9,170223,27.6
200224,20.0,120224,14.4,170224,27.0
200225,20.0,950225,14.4,170225,27.0
200226,20.0,080226,14.5,170226,27.6
200227,20.0,080227,14.1,170227,27.1
200228,19.9,950228,13.8,170228,25.8
200229,19.3,960229,14.9,160229,24.7
200301,19.6,950301,14.4,980301,25.2
200302,19.6,000302,14.4,970302,26.2
200303,19.7,000303,13.5,.,30.6
200304,19.8,000304,13.6,970304,27.9
200305,19.7,140305,14.0,970305,26.2
200306,19.7,070306,14.9,050306,25.4
200307,19.7,090307,14.7,010307,25.9
200308,19.6,070308,14.6,080308,24.8
200309,19.5,100309,14.7,000309,25.6
200310,19.5,070310,14.5,140310,24.6
200311,19.4,070311,15.0,920311,25.4
200312,19.5,080312,14.4,150312,25.6
200313,19.4,080313,13.9,990313,25.8
200314,19.2,080314,14.0,020314,25.0
200315,19.2,040315,13.5,980315,27.3
200316,19.2,050316,13.7,980316,25.4
200317,19.1,040317,13.4,920317,25.1
200318,19.1,940318,14.4,090318,24.8
200319,19.1,130319,13.5,920319,24.5
200320,18.9,080320,13.9,920320,24.9
200321,19.0,130321,13.9,150321,26.0
200322,18.7,180322,13.3,150322,24.1
200323,18.7,910323,13.0,150323,26.5
200324,18.8,000324,14.0,150324,26.6
200325,18.7,970325,13.6,920325,24.2
200326,18.6,060326,13.6,920326,28.3
200327,18.7,050327,13.2,920327,26.0
200328,18.4,060328,13.1,920328,24.4
200329,18.5,060329,13.4,000329,24.2
200330,18.4,070330,13.2,140330,26.1
200331,18.4,030331,13.0,100331,25.4
200401,18.5,130401,12.9,920401,23.9
200402,18.4,030402,12.9,200402,23.6
200403,18.2,030403,12.2,980403,23.6
200404,17.9,130404,11.9,980404,23.8
200405,17.9,030405,11.8,160405,23.6
200406,17.8,000406,12.3,920406,24.2
200407,17.8,000407,12.3,980407,24.8
200408,17.7,030408,10.0,980408,23.7
200409,17.7,000409,11.1,120409,27.7
200410,17.7,060410,11.5,120410,25.7
200411,17.5,060411,11.5,160411,23.3
200412,17.4,080412,10.9,000412,26.1
200413,17.6,050413,11.0,000413,28.3
200414,17.4,060414,11.4,000414,24.4
200415,17.3,130415,11.3,040415,22.6
200416,17.2,130416,11.1,150416,22.3
200417,17.2,130417,11.6,170417,22.6
200418,17.2,030418,11.5,930418,23.4
200419,17.1,030419,11.2,090419,23.6
200420,16.9,020420,11.4,120420,22.6
200421,16.7,080421,10.9,.,21.8
200422,16.8,000422,11.4,090422,22.8
200423,16.7,080423,11.2,060423,23.2
200424,17.0,130424,11.0,050424,24.7
200425,16.8,130425,11.3,050425,23.9
200426,16.3,910426,10.4,150426,21.4
200427,16.5,130427,10.9,930427,21.5
200428,16.3,960428,10.7,180428,23.7
200429,16.6,100429,10.6,970429,23.4
200430,16.4,010430,9.8,160430,22.5
200501,16.3,010501,9.6,100501,24.1
200502,16.2,010502,9.5,970502,22.1
200503,16.3,080503,8.7,970503,24.2
200504,16.4,080504,9.9,940504,23.3
200505,16.5,080505,11.2,010505,23.9
200506,16.4,000506,10.6,.,23.0
200507,16.4,120507,11.2,970507,26.7
200508,16.1,990508,10.6,970508,22.3
200509,16.0,070509,9.0,920509,21.9
200510,15.9,070510,7.9,170510,25.8
200511,16.0,010511,9.5,170511,25.0
200512,16.1,010512,8.6,170512,27.9
200513,16.1,070513,9.2,920513,22.5
200514,16.1,010514,9.3,000514,23.9
200515,15.7,930515,9.9,970515,22.3
200516,15.8,040516,9.1,970516,22.0
200517,15.7,040517,9.9,970517,21.2
200518,15.7,080518,9.2,970518,21.8
200519,15.8,070519,9.4,.,27.0
200520,15.7,000520,9.9,010520,22.4
200521,15.2,000521,9.5,970521,19.9
200522,15.2,000522,9.0,970522,22.2
200523,15.3,190523,9.5,970523,24.1
200524,15.3,040524,9.2,920524,21.3
200525,15.3,070525,9.4,020525,28.6
200526,15.3,040526,8.1,020526,25.7
200527,15.2,990527,9.0,920527,22.7
200528,15.1,080528,9.5,970528,22.6
200529,15.3,040529,8.2,200529,23.1
200530,15.2,070530,8.9,910530,22.3
200531,15.0,080531,8.3,970531,20.9
200601,14.8,090601,9.1,990601,20.5
200602,15.0,080602,9.1,160602,23.8
200603,14.9,080603,9.9,000603,22.0
200604,15.0,030604,9.5,970604,22.1
200605,14.8,040605,8.1,970605,20.7
200606,14.6,200605,9.5,920606,20.4
200607,14.7,040607,9.3,970607,21.0
200608,14.4,040608,7.7,970608,21.2
200609,14.3,140609,7.6,970609,21.3
200610,14.7,990610,8.8,970610,23.5
200611,14.7,140611,8.5,970611,20.7
200612,14.7,990612,8.9,970612,22.6
200613,14.6,060613,8.5,950613,20.8
200614,14.7,020614,7.9,.,21.4
200615,14.6,020615,8.7,950615,20.3
200616,14.6,190616,10.3,970616,21.4
200617,14.6,040617,8.8,970617,23.6
200618,14.6,020618,7.3,970618,21.3
200619,14.3,000619,7.4,970619,20.4
200620,14.4,000620,7.2,970620,21.9
200621,14.1,130621,8.2,150621,20.0
200622,14.3,130622,9.1,970622,20.2
200623,14.4,990623,8.7,000623,20.9
200624,14.1,060624,8.6,970624,20.4
200625,14.4,010625,7.5,930625,19.7
200626,14.4,130626,7.9,170626,22.2
200627,14.1,140627,7.4,980627,19.8
200628,14.3,960628,8.5,990628,20.3
200629,14.1,100629,6.1,930629,19.6
200630,13.9,.,8.2,.,19.4
200701,14.0,960701,8.3,050701,19.7
200702,13.9,960702,7.3,060702,20.4
200703,14.0,960702,8.5,060703,21.4
200704,14.2,990704,8.1,970704,21.1
200705,14.1,990705,7.8,970705,21.7
200706,14.1,120706,7.5,060706,22.7
200707,14.1,940707,6.7,970707,20.0
200708,14.0,940708,8.8,160708,20.8
200709,14.0,960709,8.8,160709,19.8
200710,14.0,000710,8.2,970710,21.4
200711,13.9,000711,7.5,970711,22.6
200712,13.9,000712,7.1,970712,20.0
200713,13.9,000713,8.6,060713,19.9
200714,13.8,990714,8.7,060714,20.4
200715,13.7,920715,8.2,910715,19.5
200716,13.6,090716,7.9,030716,18.9
200717,13.7,050717,7.5,970717,19.6
200718,13.5,.,5.9,060718,20.4
200719,13.7,100719,6.8,060719,20.5
200720,13.9,100720,6.0,060720,20.5
200721,14.0,050721,7.4,010721,20.3
200722,13.8,050722,6.6,020722,19.6
200723,13.6,050723,6.3,910723,19.8
200724,13.6,140724,7.0,970724,19.5
200725,13.6,090725,7.8,970725,19.8
200726,13.7,090726,8.5,970726,19.8
200727,13.7,960727,8.1,970727,20.1
200728,13.6,030728,7.1,970728,20.8
200729,13.6,030729,8.0,970729,20.7
200730,13.8,.,9.2,970730,19.8
200731,13.8,200731,8.3,970731,19.6
200801,13.6,940801,7.0,970801,20.1
200802,13.6,940802,8.3,970802,20.0
200803,13.8,040803,8.3,930803,20.0
200804,13.9,950804,8.6,970804,19.7
200805,13.9,910805,8.6,970805,19.9
200806,14.1,070806,8.9,970806,20.2
200807,14.0,910807,9.4,970807,19.6
200808,14.1,940808,9.2,990808,20.9
200809,13.9,940809,7.8,970809,22.2
200810,14.0,090810,9.7,970810,25.3
200811,14.1,910811,8.2,970811,27.0
200812,14.0,950812,8.4,970812,20.7
200813,14.0,950813,9.7,190813,20.3
200814,14.0,980814,7.0,970814,21.2
200815,13.9,980815,8.3,970815,19.7
200816,14.1,920816,8.8,970816,22.7
200817,14.0,030817,9.3,970817,23.2
200818,14.0,040818,8.0,970818,20.6
200819,13.9,930819,7.8,970819,19.3
200820,13.9,200820,8.6,970820,19.2
200821,13.9,990821,9.5,170821,19.7
200822,14.1,920822,8.9,170822,20.2
200823,14.0,090823,9.2,960823,19.5
200824,14.1,030824,8.4,970824,20.5
200825,14.2,980825,9.0,040825,20.5
200826,14.1,980826,7.3,020826,26.3
200827,14.4,070827,8.5,150827,21.9
200828,14.3,070828,9.3,130828,21.1
200829,14.4,070829,10.4,010829,21.6
200830,14.5,980830,8.9,040830,20.5
200831,14.4,050831,8.1,110831,20.6
200901,14.3,050901,8.3,110901,19.9
200902,14.4,940902,8.6,990902,20.2
200903,14.4,100903,9.0,180903,20.1
200904,14.4,070904,8.8,180904,20.8
200905,14.3,080905,9.5,970905,21.8
200906,14.5,080906,8.5,970906,20.2
200907,14.5,980907,8.4,940907,20.4
200908,14.5,980908,7.5,940908,21.7
200909,14.4,030909,9.3,130909,24.0
200910,14.4,030910,7.1,060910,19.5
200911,14.4,980911,9.9,150911,19.5
200912,14.5,140912,10.0,040912,20.6
200913,14.5,010913,8.6,110913,21.1
200914,14.4,170914,9.0,150914,20.8
200915,14.5,050915,9.6,150915,21.0
200916,14.5,050916,9.6,960916,21.2
200917,14.5,100917,9.5,970917,25.0
200918,14.6,100918,9.8,970918,24.2
200919,14.6,120919,10.1,970919,20.4
200920,14.7,130920,9.0,150920,20.5
200921,14.9,120921,11.0,.,21.1
200922,14.9,990922,10.0,000922,21.1
200923,14.9,070923,10.3,940923,20.4
200924,14.9,070924,11.1,020924,20.9
200925,14.8,050925,9.3,150925,20.8
200926,15.0,040926,10.9,970926,22.1
200927,15.1,070927,11.3,940927,21.2
200928,15.1,090927,11.8,100928,20.0
200929,15.1,980929,9.8,150929,21.0
200930,15.2,010930,9.9,970930,20.3
201001,15.0,991001,11.0,971001,22.0
201002,15.0,171002,10.9,961002,20.7
201003,15.1,071003,10.2,111003,20.6
201004,15.1,101004,9.9,171004,21.1
201005,15.1,971005,12.2,941005,23.6
201006,15.3,911006,11.1,161006,22.1
201007,15.3,011007,11.8,941007,21.0
201008,15.3,911008,10.4,011008,21.1
201009,15.4,971009,11.0,011009,20.7
201010,15.5,141010,11.6,941010,21.3
201011,15.4,951011,10.3,941011,20.3
201012,15.4,911012,11.0,971012,24.1
201013,15.6,961013,10.0,971013,25.7
201014,15.6,101014,10.3,031014,22.9
201015,15.6,111014,11.1,031015,20.8
201016,15.4,181016,10.6,141016,21.1
201017,15.4,111017,10.6,141017,21.1
201018,15.5,.,10.4,151018,21.7
201019,15.6,111018,11.3,971019,20.8
201020,15.8,111020,12.1,911020,21.1
201021,15.7,101021,11.7,031021,21.3
201022,15.9,121022,11.9,991022,21.4
201023,15.8,071023,10.9,011023,21.0
201024,15.9,001024,10.9,971024,20.1
201025,15.9,981025,12.0,141025,21.4
201026,16.1,171026,12.8,931026,22.8
201027,16.1,101027,12.8,161027,20.5
201028,16.2,111028,12.1,961028,21.2
201029,16.3,001029,12.2,091029,22.4
201030,16.3,071030,10.8,091030,22.3
201031,16.3,941031,11.4,991031,22.6
201101,16.3,931101,12.0,091101,23.6
201102,16.4,001102,10.8,941102,23.4
201103,16.5,011103,11.8,941103,21.7
201104,16.5,991104,12.7,161104,22.5
201105,16.5,071105,11.0,921105,21.1
201106,16.6,981106,13.1,981106,20.8
201107,16.7,071107,12.9,931107,22.6
201108,16.9,021108,12.8,971108,21.5
201109,16.8,111109,13.8,971109,21.3
201110,16.8,991110,13.4,971110,22.4
201111,16.9,021111,11.1,921111,22.9
201112,16.9,001112,12.0,081112,21.6
201113,17.0,041113,12.7,081113,21.9
201114,16.9,131114,12.2,081114,21.1
201115,17.1,911115,11.7,081115,21.4
201116,17.0,001116,11.4,971116,21.6
201117,17.0,001117,11.0,131117,21.4
201118,17.1,091118,12.3,921118,24.5
201119,17.3,941119,13.0,191119,22.8
201120,17.4,131120,13.4,961120,22.5
201121,17.3,011121,12.0,191121,22.5
201122,17.6,991122,12.8,191122,23.1
201123,17.7,961123,14.4,951123,21.9
201124,17.6,101124,12.8,971124,23.1
201125,17.6,931125,12.8,961125,23.5
201126,17.8,071126,12.8,031126,23.3
201127,17.6,011127,12.6,031127,22.6
201128,17.6,011128,12.9,031128,22.6
201129,17.7,011129,12.6,971129,22.9
201130,17.8,121130,13.4,971130,22.9
201201,17.7,071201,13.4,971201,22.4
201202,18.1,071202,13.8,971202,23.1
201203,18.1,991203,12.3,121203,23.9
201204,18.1,991204,13.3,131204,23.9
201205,18.0,991205,12.5,921205,23.5
201206,18.1,951206,13.9,911206,23.6
201207,18.0,051207,12.1,971207,23.7
201208,18.1,051208,12.7,971208,24.0
201209,18.2,071209,12.5,971209,25.1
201210,18.3,051210,13.0,971210,25.0
201211,18.1,071211,13.6,971211,24.4
201212,18.3,021212,13.3,971212,24.5
201213,18.6,961213,14.2,971213,25.1
201214,18.5,911214,13.3,041214,24.6
201215,18.6,071215,13.7,041215,25.2
201216,18.5,071216,12.8,971216,25.4
201217,18.8,071217,13.0,971217,25.4
201218,18.8,911218,14.0,011218,27.8
201219,18.8,981219,14.7,971219,24.7
201220,19.0,141220,14.5,001220,24.7
201221,18.9,951221,14.3,971221,25.3
201222,19.0,141222,13.8,971222,25.5
201223,19.0,951223,14.2,941223,25.0
201224,19.0,021224,13.2,971224,24.9
201225,19.2,141225,14.6,971225,25.6
201226,19.3,961226,14.0,971226,25.7
201227,19.4,121227,13.3,971227,25.6
201228,19.4,031228,14.2,971228,25.9
201229,19.4,121229,14.1,971229,25.5
201230,19.6,141230,14.3,961230,25.2
201231,19.6,021231,14.0,061231,26.3
210101,19.7,130101,14.9,070101,27.7
210102,19.6,030102,14.9,070102,25.0
210103,19.8,970103,15.0,980103,25.1
210104,19.8,930104,15.0,980104,25.5
210105,20.0,030105,14.8,170105,26.8
210106,20.1,940106,15.0,200106,27.5
210107,20.0,130107,14.6,980107,27.9
210108,20.1,130108,14.7,140108,27.2
210109,20.0,110109,14.9,140109,26.5
210110,20.0,960110,14.5,950110,25.9
210111,20.0,110111,15.0,050111,26.7
210112,20.0,950112,15.0,980112,26.0
210113,20.1,120113,15.1,950113,26.6
210114,20.2,990114,14.7,980114,26.1
210115,20.3,120115,15.0,980115,26.3
210116,20.4,120116,14.7,170116,26.8
210117,20.6,120117,15.3,980117,31.8
210118,20.5,990118,14.0,080118,27.4
210119,20.5,990119,14.7,170119,28.6
210120,20.5,110120,14.5,170120,27.7
210121,20.5,990121,14.7,170121,30.3
210122,20.4,960122,15.3,170122,28.3
210123,20.4,090123,15.6,170123,28.4
210124,20.5,020124,13.6,200124,28.3
210125,20.4,090125,15.3,170125,26.1
210126,20.4,020126,14.8,170126,29.3
210127,20.3,050127,15.3,170127,27.5
210128,20.5,070128,15.1,190128,27.2
210129,20.7,070129,14.7,030129,27.3
210130,20.6,970130,15.2,030130,28.2
210131,20.4,050131,13.8,160131,26.4
210201,20.5,050201,12.9,170201,27.0
210202,20.3,050202,12.9,170202,27.6
210203,20.3,050203,14.5,980203,26.0
210204,20.3,050204,14.0,980204,26.0
210205,20.4,970205,14.9,130205,26.0
210206,20.4,120206,14.7,130206,25.9
210207,20.3,050207,14.2,190207,25.6
210208,20.2,050208,14.5,130208,26.1
210209,20.2,000209,14.8,980209,26.8
210210,20.3,.,14.7,980210,26.7
210211,20.3,000211,15.1,120211,25.6
210212,20.2,960212,15.4,120212,27.5
210213,20.2,000213,15.0,010213,25.0
210214,20.2,050214,14.6,060214,26.8
210215,20.3,960215,14.7,060215,26.1
210216,20.3,960216,15.2,100216,25.6
210217,20.1,050217,14.9,010217,25.1
210218,20.1,000218,14.7,090218,25.7
210219,20.1,000219,14.9,150219,29.1
210220,20.1,130220,15.2,980220,25.6
210221,20.1,130221,14.3,980221,27.7
210222,20.1,070222,15.1,160222,28.0
210223,19.9,070223,14.9,170223,27.6
210224,20.0,120224,14.4,170224,27.0
210225,20.0,950225,14.4,170225,27.0
210226,20.0,080226,14.5,170226,27.6
210227,19.9,080227,14.1,170227,27.1
210228,19.9,950228,13.8,170228,25.8
210229,19.3,960229,14.9,160229,24.7
210301,19.7,950301,14.4,980301,25.2
210302,19.6,000302,14.4,970302,26.2
210303,19.7,000303,13.5,.,30.6
210304,19.7,000304,13.6,970304,27.9
210305,19.8,140305,14.0,970305,26.2
210306,19.7,070306,14.9,050306,25.4
210307,19.7,090307,14.7,010307,25.9
210308,19.5,070308,14.6,080308,24.8
210309,19.5,100309,14.7,000309,25.6
210310,19.5,070310,14.5,140310,24.6
210311,19.5,070311,15.0,920311,25.4
210312,19.5,080312,14.4,150312,25.6
210313,19.5,080313,13.9,990313,25.8
210314,19.3,080314,14.0,020314,25.0
210315,19.2,040315,13.5,980315,27.3
210316,19.2,050316,13.7,980316,25.4
210317,19.1,040317,13.4,920317,25.1
210318,19.1,940318,14.4,090318,24.8
210319,19.1,130319,13.5,920319,24.5
210320,18.9,080320,13.9,920320,24.9
210321,19.0,130321,13.9,150321,26.0
210322,18.7,180322,13.3,150322,24.1
210323,18.7,180323,13.7,150323,26.5
210324,18.7,000324,14.0,150324,26.6
210325,18.7,970325,13.6,920325,24.2
210326,18.5,060326,13.6,920326,28.3
210327,18.7,050327,13.2,920327,26.0
210328,18.4,060328,13.1,920328,24.4
210329,18.4,210329,13.2,000329,24.2
210330,18.3,070330,13.2,140330,26.1
210331,18.3,030331,13.0,100331,25.4
210401,18.5,130401,12.9,920401,23.9
210402,18.3,030402,12.9,200402,23.6
210403,18.2,030403,12.2,980403,23.6
210404,17.9,130404,11.9,980404,23.8
210405,17.9,030405,11.8,160405,23.6
210406,17.8,000406,12.3,920406,24.2
210407,17.8,000407,12.3,980407,24.8
210408,17.7,030408,10.0,980408,23.7
210409,17.7,000409,11.1,120409,27.7
210410,17.7,060410,11.5,120410,25.7
210411,17.5,060411,11.5,160411,23.3
210412,17.4,080412,10.9,000412,26.1
210413,17.5,050413,11.0,000413,28.3
210414,17.4,060414,11.4,000414,24.4
210415,17.3,130415,11.3,040415,22.6
210416,17.2,130416,11.1,150416,22.3
210417,17.1,130417,11.6,170417,22.6
210418,17.2,030418,11.5,930418,23.4
210419,17.2,030419,11.2,090419,23.6
210420,16.9,020420,11.4,120420,22.6
210421,16.8,080421,10.9,.,21.8
210422,16.8,000422,11.4,090422,22.8
210423,16.7,080423,11.2,060423,23.2
210424,17.0,130424,11.0,050424,24.7
210425,16.8,130425,11.3,050425,23.9
210426,16.4,960426,11.1,150426,21.4
210427,16.5,130427,10.9,930427,21.5
210428,16.3,960428,10.7,180428,23.7
210429,16.5,100429,10.6,970429,23.4
210430,16.4,010430,9.8,160430,22.5
210501,16.2,010501,9.6,100501,24.1
210502,16.1,010502,9.5,970502,22.1
210503,16.3,080503,8.7,970503,24.2
210504,16.4,080504,9.9,940504,23.3
210505,16.4,080505,11.2,010505,23.9
210506,16.4,000506,10.6,.,23.0
210507,16.4,120507,11.2,970507,26.7
210508,16.0,990508,10.6,970508,22.3
210509,16.1,070509,9.0,920509,21.9
210510,15.9,070510,7.9,170510,25.8
210511,16.0,010511,9.5,170511,25.0
210512,16.0,010512,8.6,170512,27.9
210513,16.1,070513,9.2,920513,22.5
210514,16.0,010514,9.3,000514,23.9
210515,15.7,930515,9.9,970515,22.3
210516,15.8,040516,9.1,970516,22.0
210517,15.6,040517,9.9,970517,21.2
210518,15.6,080518,9.2,970518,21.8
210519,15.7,070519,9.4,.,27.0
210520,15.6,000520,9.9,010520,22.4
210521,15.1,000521,9.5,970521,19.9
210522,15.1,000522,9.0,970522,22.2
210523,15.2,190523,9.5,970523,24.1
210524,15.2,040524,9.2,920524,21.3
210525,15.3,070525,9.4,020525,28.6
210526,15.3,040526,8.1,020526,25.7
210527,15.2,990527,9.0,920527,22.7
210528,15.2,080528,9.5,970528,22.6
210529,15.2,040529,8.2,200529,23.1
210530,15.1,070530,8.9,200530,21.9
210531,14.9,080531,8.3,970531,20.9
210601,14.8,090601,9.1,990601,20.5
210602,14.9,080602,9.1,160602,23.8
210603,14.9,080603,9.9,000603,22.0
210604,15.0,030604,9.5,970604,22.1
210605,14.8,040605,8.1,970605,20.7
210606,14.7,200605,9.5,920606,20.4
210607,14.6,040607,9.3,970607,21.0
210608,14.4,040608,7.7,970608,21.2
210609,14.3,140609,7.6,970609,21.3
210610,14.7,990610,8.8,970610,23.5
210611,14.8,140611,8.5,970611,20.7
210612,14.7,990612,8.9,970612,22.6
210613,14.6,060613,8.5,950613,20.8
210614,14.6,020614,7.9,.,21.4
210615,14.5,020615,8.7,950615,20.3
210616,14.5,190616,10.3,970616,21.4
210617,14.5,040617,8.8,970617,23.6
210618,14.5,020618,7.3,970618,21.3
210619,14.3,000619,7.4,970619,20.4
210620,14.4,000620,7.2,970620,21.9
210621,14.1,130621,8.2,150621,20.0
210622,14.2,130622,9.1,970622,20.2
210623,14.5,990623,8.7,000623,20.9
210624,14.1,060624,8.6,970624,20.4
210625,14.3,010625,7.5,930625,19.7
210626,14.4,130626,7.9,170626,22.2
210627,14.1,140627,7.4,980627,19.8
210628,14.2,960628,8.5,990628,20.3
210629,14.0,100629,6.1,930629,19.6
210630,13.8,.,8.2,.,19.4
210701,14.0,960701,8.3,050701,19.7
210702,13.9,960702,7.3,060702,20.4
210703,14.0,960702,8.5,060703,21.4
210704,14.2,990704,8.1,970704,21.1
210705,14.0,990705,7.8,970705,21.7
210706,14.0,120706,7.5,060706,22.7
210707,14.0,940707,6.7,970707,20.0
210708,14.0,940708,8.8,160708,20.8
210709,14.0,960709,8.8,160709,19.8
210710,13.9,000710,8.2,970710,21.4
210711,13.8,000711,7.5,970711,22.6
210712,13.8,000712,7.1,970712,20.0
210713,13.8,000713,8.6,060713,19.9
210714,13.8,990714,8.7,060714,20.4
210715,13.7,920715,8.2,050715,19.2
210716,13.5,090716,7.9,030716,18.9
210717,13.6,050717,7.5,970717,19.6
210718,13.4,.,5.9,060718,20.4
210719,13.6,100719,6.8,060719,20.5
210720,13.8,100720,6.0,060720,20.5
210721,14.0,050721,7.4,010721,20.3
210722,13.8,050722,6.6,020722,19.6
210723,13.5,050723,6.3,160723,18.8
210724,13.6,140724,7.0,970724,19.5
210725,13.5,090725,7.8,970725,19.8
210726,13.6,090726,8.5,970726,19.8
210727,13.6,960727,8.1,970727,20.1
210728,13.5,030728,7.1,970728,20.8
210729,13.5,030729,8.0,970729,20.7
210730,13.7,.,9.2,970730,19.8
210731,13.7,200731,8.3,970731,19.6
210801,13.7,940801,7.0,970801,20.1
210802,13.6,940802,8.3,970802,20.0
210803,13.8,040803,8.3,930803,20.0
210804,13.9,950804,8.6,970804,19.7
210805,13.9,030805,8.6,970805,19.9
210806,14.1,070806,8.9,970806,20.2
210807,14.0,120807,9.8,970807,19.6
210808,14.1,940808,9.2,990808,20.9
210809,13.9,940809,7.8,970809,22.2
210810,14.0,090810,9.7,970810,25.3
210811,14.1,980811,9.4,970811,27.0
210812,14.0,950812,8.4,970812,20.7
210813,14.0,950813,9.7,190813,20.3
210814,14.0,980814,7.0,970814,21.2
210815,13.9,980815,8.3,970815,19.7
210816,14.1,920816,8.8,970816,22.7
210817,13.9,030817,9.3,970817,23.2
210818,14.0,040818,8.0,970818,20.6
210819,13.9,930819,7.8,970819,19.3
210820,13.8,200820,8.6,970820,19.2
210821,13.9,990821,9.5,170821,19.7
210822,14.1,920822,8.9,170822,20.2
210823,14.0,090823,9.2,960823,19.5
210824,14.1,030824,8.4,970824,20.5
210825,14.1,210825,8.7,040825,20.5
210826,14.0,980826,7.3,020826,26.3
210827,14.3,070827,8.5,150827,21.9
210828,14.2,070828,9.3,130828,21.1
210829,14.4,070829,10.4,010829,21.6
210830,14.4,980830,8.9,040830,20.5
210831,14.3,050831,8.1,110831,20.6
210901,14.3,050901,8.3,110901,19.9
210902,14.3,940902,8.6,990902,20.2
210903,14.3,100903,9.0,180903,20.1
210904,14.3,070904,8.8,180904,20.8
210905,14.3,080905,9.5,970905,21.8
210906,14.4,080906,8.5,970906,20.2
210907,14.4,980907,8.4,940907,20.4
210908,14.5,980908,7.5,940908,21.7
210909,14.4,030909,9.3,130909,24.0
210910,14.4,030910,7.1,060910,19.5
210911,14.3,980911,9.9,150911,19.5
210912,14.4,140912,10.0,040912,20.6
210913,14.4,010913,8.6,110913,21.1
210914,14.3,170914,9.0,150914,20.8
210915,14.4,050915,9.6,150915,21.0
210916,14.4,050916,9.6,960916,21.2
210917,14.5,100917,9.5,970917,25.0
210918,14.5,100918,9.8,970918,24.2
210919,14.5,120919,10.1,970919,20.4
210920,14.6,130920,9.0,150920,20.5
210921,14.9,120921,11.0,.,21.1
210922,14.8,990922,10.0,000922,21.1
210923,14.8,070923,10.3,940923,20.4
210924,14.8,070924,11.1,020924,20.9
210925,14.8,050925,9.3,150925,20.8
210926,14.9,040926,10.9,970926,22.1
210927,15.0,070927,11.3,940927,21.2
210928,15.0,090927,11.8,100928,20.0
210929,15.0,980929,9.8,150929,21.0
210930,15.2,010930,9.9,970930,20.3
211001,14.9,991001,11.0,971001,22.0
211002,14.9,171002,10.9,961002,20.7
211003,15.1,071003,10.2,111003,20.6
211004,15.0,101004,9.9,171004,21.1
211005,15.1,971005,12.2,941005,23.6
211006,15.3,011006,11.7,161006,22.1
211007,15.3,211007,11.4,941007,21.0
211008,15.3,011008,11.2,011008,21.1
211009,15.4,971009,11.0,011009,20.7
211010,15.4,141010,11.6,941010,21.3
211011,15.3,951011,10.3,941011,20.3
211012,15.4,051011,12.5,971012,24.1
211013,15.6,961013,10.0,971013,25.7
211014,15.6,101014,10.3,031014,22.9
211015,15.6,111014,11.1,031015,20.8
211016,15.4,181016,10.6,141016,21.1
211017,15.4,111017,10.6,141017,21.1
211018,15.5,.,10.4,151018,21.7
211019,15.5,111018,11.3,971019,20.8
211020,15.7,111020,12.1,971020,20.0
211021,15.6,101021,11.7,031021,21.3
211022,15.9,121022,11.9,991022,21.4
211023,15.8,071023,10.9,011023,21.0
211024,15.9,001024,10.9,971024,20.1
211025,15.9,981025,12.0,141025,21.4
211026,16.0,171026,12.8,931026,22.8
211027,16.1,101027,12.8,161027,20.5
211028,16.1,111028,12.1,961028,21.2
211029,16.2,001029,12.2,091029,22.4
211030,16.3,071030,10.8,091030,22.3
211031,16.3,941031,11.4,991031,22.6
211101,16.3,931101,12.0,091101,23.6
211102,16.3,001102,10.8,941102,23.4
211103,16.5,011103,11.8,941103,21.7
211104,16.5,991104,12.7,161104,22.5
211105,16.5,071105,11.0,921105,21.1
211106,16.6,981106,13.1,981106,20.8
211107,16.7,071107,12.9,931107,22.6
211108,16.8,021108,12.8,971108,21.5
211109,16.8,111109,13.8,971109,21.3
211110,16.8,991110,13.4,971110,22.4
211111,16.8,021111,11.1,921111,22.9
211112,16.8,001112,12.0,081112,21.6
211113,17.0,041113,12.7,081113,21.9
211114,16.9,131114,12.2,081114,21.1
211115,17.1,001115,12.2,081115,21.4
211116,17.0,001116,11.4,971116,21.6
211117,17.0,001117,11.0,131117,21.4
211118,17.1,091118,12.3,921118,24.5
211119,17.2,941119,13.0,191119,22.8
211120,17.4,131120,13.4,961120,22.5
211121,17.2,011121,12.0,191121,22.5
211122,17.5,991122,12.8,191122,23.1
211123,17.6,961123,14.4,951123,21.9
211124,17.6,101124,12.8,971124,23.1
211125,17.6,931125,12.8,961125,23.5
211126,17.8,071126,12.8,031126,23.3
211127,17.6,011127,12.6,031127,22.6
211128,17.6,011128,12.9,031128,22.6
211129,17.7,011129,12.6,971129,22.9
211130,17.8,121130,13.4,971130,22.9
211201,17.7,071201,13.4,971201,22.4
211202,18.0,071202,13.8,971202,23.1
211203,18.0,991203,12.3,121203,23.9
211204,18.0,991204,13.3,131204,23.9
211205,17.9,991205,12.5,921205,23.5
211206,18.0,951206,13.9,971206,23.3
211207,18.0,051207,12.1,971207,23.7
211208,18.1,051208,12.7,971208,24.0
211209,18.1,071209,12.5,971209,25.1
211210,18.2,051210,13.0,971210,25.0
211211,18.1,211211,13.5,971211,24.4
211212,18.3,021212,13.3,971212,24.5
211213,18.6,961213,14.2,971213,25.1
211214,18.5,071214,13.8,041214,24.6
211215,18.6,071215,13.7,041215,25.2
211216,18.5,071216,12.8,971216,25.4
211217,18.8,071217,13.0,971217,25.4
211218,18.8,951218,14.4,011218,27.8
211219,18.8,981219,14.7,971219,24.7
211220,19.0,141220,14.5,001220,24.7
211221,18.9,951221,14.3,971221,25.3
211222,19.0,141222,13.8,971222,25.5
211223,19.1,951223,14.2,941223,25.0
211224,19.1,021224,13.2,971224,24.9
211225,19.2,141225,14.6,971225,25.6
211226,19.3,961226,14.0,971226,25.7
211227,19.4,121227,13.3,971227,25.6
211228,19.4,031228,14.2,971228,25.9
211229,19.4,121229,14.1,971229,25.5
211230,19.6,141230,14.3,961230,25.2
211231,19.6,021231,14.0,061231,26.3
220101,19.7,130101,14.9,070101,27.7
220102,19.6,030102,14.9,070102,25.0
220103,19.8,970103,15.0,980103,25.1
220104,19.7,930104,15.0,980104,25.5
220105,19.9,030105,14.8,170105,26.8
220106,20.0,940106,15.0,200106,27.5
220107,19.9,130107,14.6,980107,27.9
220108,20.0,130108,14.7,140108,27.2
220109,20.0,110109,14.9,140109,26.5
220110,20.0,960110,14.5,950110,25.9
220111,19.9,110111,15.0,050111,26.7
220112,20.0,950112,15.0,980112,26.0
220113,20.0,120113,15.1,950113,26.6
220114,20.1,990114,14.7,980114,26.1
220115,20.3,120115,15.0,980115,26.3
220116,20.4,120116,14.7,170116,26.8
220117,20.5,120117,15.3,980117,31.8
220118,20.4,990118,14.0,080118,27.4
220119,20.4,990119,14.7,170119,28.6
220120,20.4,110120,14.5,170120,27.7
220121,20.4,990121,14.7,170121,30.3
220122,20.4,960122,15.3,170122,28.3
220123,20.3,090123,15.6,170123,28.4
220124,20.4,020124,13.6,200124,28.3
220125,20.3,090125,15.3,170125,26.1
220126,20.3,020126,14.8,170126,29.3
220127,20.2,220127,15.1,170127,27.5
220128,20.5,070128,15.1,190128,27.2
220129,20.7,070129,14.7,030129,27.3
220130,20.5,970130,15.2,030130,28.2
220131,20.3,050131,13.8,160131,26.4
220201,20.4,050201,12.9,170201,27.0
220202,20.3,050202,12.9,170202,27.6
220203,20.2,050203,14.5,980203,26.0
220204,20.3,050204,14.0,980204,26.0
220205,20.3,970205,14.9,130205,26.0
220206,20.4,120206,14.7,130206,25.9
220207,20.2,050207,14.2,190207,25.6
220208,20.1,050208,14.5,130208,26.1
220209,20.1,000209,14.8,980209,26.8
220210,20.3,.,14.7,980210,26.7
220211,20.2,000211,15.1,120211,25.6
220212,20.1,220212,15.3,120212,27.5
220213,20.2,000213,15.0,010213,25.0
220214,20.2,050214,14.6,060214,26.8
220215,20.2,960215,14.7,060215,26.1
220216,20.2,960216,15.2,100216,25.6
220217,20.0,050217,14.9,010217,25.1
220218,20.1,000218,14.7,090218,25.7
220219,20.0,000219,14.9,150219,29.1
220220,20.1,130220,15.2,980220,25.6
220221,20.1,130221,14.3,980221,27.7
220222,20.0,070222,15.1,160222,28.0
220223,20.0,070223,14.9,170223,27.6
220224,20.0,120224,14.4,170224,27.0
220225,20.0,950225,14.4,170225,27.0
220226,20.0,080226,14.5,170226,27.6
220227,19.9,080227,14.1,170227,27.1
220228,19.8,950228,13.8,170228,25.8
220229,19.3,960229,14.9,160229,24.7
220301,19.6,950301,14.4,980301,25.2
220302,19.6,000302,14.4,970302,26.2
220303,19.7,000303,13.5,.,30.6
220304,19.8,000304,13.6,970304,27.9
220305,19.7,140305,14.0,970305,26.2
220306,19.7,070306,14.9,050306,25.4
220307,19.6,090307,14.7,010307,25.9
220308,19.5,070308,14.6,080308,24.8
220309,19.5,100309,14.7,000309,25.6
220310,19.4,070310,14.5,140310,24.6
220311,19.3,220311,14.9,200311,24.6
220312,19.4,080312,14.4,150312,25.6
220313,19.3,080313,13.9,990313,25.8
220314,19.1,080314,14.0,020314,25.0
220315,19.1,040315,13.5,980315,27.3
220316,19.1,050316,13.7,980316,25.4
220317,19.0,040317,13.4,150317,24.2
220318,19.0,940318,14.4,090318,24.8
220319,19.0,130319,13.5,970319,24.5
220320,18.8,080320,13.9,970320,24.0
220321,18.8,130321,13.9,150321,26.0
220322,18.6,180322,13.3,150322,24.1
220323,18.6,180323,13.7,150323,26.5
220324,18.6,220324,13.0,150324,26.6
220325,18.5,220325,12.6,980325,23.0
220326,18.4,060326,13.6,090326,23.9
220327,18.5,050327,13.2,040327,25.9
220328,18.2,060328,13.1,040328,23.6
220329,18.3,210329,13.2,000329,24.2
220330,18.2,070330,13.2,140330,26.1
220331,18.2,030331,13.0,100331,25.4
220401,18.3,220401,12.6,160401,23.8
220402,18.2,220402,12.7,200402,23.6
220403,18.1,030403,12.2,980403,23.6
220404,17.8,130404,11.9,980404,23.8
220405,17.7,030405,11.8,160405,23.6
220406,17.7,000406,12.3,970406,23.2
220407,17.7,000407,12.3,980407,24.8
220408,17.7,030408,10.0,980408,23.7
220409,17.7,000409,11.1,120409,27.7
220410,17.7,060410,11.5,120410,25.7
220411,17.4,060411,11.5,160411,23.3
220412,17.3,080412,10.9,000412,26.1
220413,17.4,050413,11.0,000413,28.3
220414,17.3,060414,11.4,000414,24.4
220415,17.2,130415,11.3,040415,22.6
220416,17.1,220416,11.0,150416,22.3
220417,17.0,220417,11.2,170417,22.6
220418,17.1,030418,11.5,930418,23.4
220419,17.1,030419,11.2,090419,23.6
220420,16.8,020420,11.4,120420,22.6
220421,16.7,080421,10.9,.,21.8
220422,16.7,000422,11.4,090422,22.8
220423,16.7,080423,11.2,060423,23.2
220424,16.9,130424,11.0,050424,24.7
220425,16.7,130425,11.3,050425,23.9
220426,16.3,960426,11.1,150426,21.4
220427,16.4,130427,10.9,930427,21.5
220428,16.2,960428,10.7,180428,23.7
220429,16.5,100429,10.6,970429,23.4
220430,16.3,010430,9.8,160430,22.5
220501,16.2,010501,9.6,100501,24.1
220502,16.1,010502,9.5,970502,22.1
220503,16.2,080503,8.7,970503,24.2
220504,16.3,080504,9.9,940504,23.3
220505,16.3,080505,11.2,010505,23.9
220506,16.3,000506,10.6,.,23.0
220507,16.3,120507,11.2,970507,26.7
220508,16.0,990508,10.6,970508,22.3
220509,15.9,070509,9.0,140509,21.8
220510,15.8,070510,7.9,170510,25.8
220511,15.9,010511,9.5,170511,25.0
220512,15.9,010512,8.6,170512,27.9
220513,16.0,070513,9.2,020513,22.4
220514,15.9,010514,9.3,000514,23.9
220515,15.7,930515,9.9,970515,22.3
220516,15.6,040516,9.1,970516,22.0
220517,15.5,040517,9.9,970517,21.2
220518,15.5,080518,9.2,970518,21.8
220519,15.6,070519,9.4,.,27.0
220520,15.5,000520,9.9,010520,22.4
220521,15.0,000521,9.5,970521,19.9
220522,15.0,000522,9.0,970522,22.2
220523,15.1,190523,9.5,970523,24.1
220524,15.1,040524,9.2,970524,21.1
220525,15.2,070525,9.4,020525,28.6
220526,15.2,040526,8.1,020526,25.7
220527,15.1,990527,9.0,190527,21.0
220528,15.1,080528,9.5,970528,22.6
220529,15.1,040529,8.2,200529,23.1
220530,15.1,070530,8.9,200530,21.9
220531,14.9,080531,8.3,970531,20.9
220601,14.8,090601,9.1,990601,20.5
220602,14.8,080602,9.1,160602,23.8
220603,14.9,220603,8.5,000603,22.0
220604,14.8,030604,9.5,970604,22.1
220605,14.7,040605,8.1,970605,20.7
220606,14.6,200605,9.5,970606,20.1
220607,14.6,040607,9.3,970607,21.0
220608,14.4,040608,7.7,970608,21.2
220609,14.3,140609,7.6,970609,21.3
220610,14.6,990610,8.8,970610,23.5
220611,14.7,140611,8.5,970611,20.7
220612,14.6,990612,8.9,970612,22.6
220613,14.5,060613,8.5,950613,20.8
220614,14.6,020614,7.9,.,21.4
220615,14.5,020615,8.7,950615,20.3
220616,14.5,190616,10.3,970616,21.4
220617,14.4,220617,8.6,970617,23.6
220618,14.5,020618,7.3,970618,21.3
220619,14.2,000619,7.4,970619,20.4
220620,14.3,000620,7.2,970620,21.9
220621,14.1,130621,8.2,150621,20.0
220622,14.2,130622,9.1,970622,20.2
220623,14.4,990623,8.7,000623,20.9
220624,14.1,060624,8.6,970624,20.4
220625,14.3,010625,7.5,930625,19.7
220626,14.4,130626,7.9,170626,22.2
220627,14.1,140627,7.4,980627,19.8
220628,14.2,960628,8.5,990628,20.3
220629,14.0,100629,6.1,930629,19.6
220630,13.9,.,8.2,.,19.4
220701,14.0,960701,8.3,050701,19.7
220702,13.9,960702,7.3,060702,20.4
220703,14.0,960702,8.5,060703,21.4
220704,14.1,990704,8.1,970704,21.1
220705,14.0,990705,7.8,970705,21.7
220706,14.0,120706,7.5,060706,22.7
220707,14.0,940707,6.7,970707,20.0
220708,14.0,940708,8.8,160708,20.8
220709,13.9,960709,8.8,160709,19.8
220710,13.9,000710,8.2,970710,21.4
220711,13.8,000711,7.5,970711,22.6
220712,13.8,000712,7.1,970712,20.0
220713,13.8,000713,8.6,060713,19.9
220714,13.8,990714,8.7,060714,20.4
220715,13.7,990715,9.0,050715,19.2
220716,13.5,090716,7.9,030716,18.9
220717,13.5,050717,7.5,970717,19.6
220718,13.4,.,5.9,060718,20.4
220719,13.5,100719,6.8,060719,20.5
220720,13.8,100720,6.0,060720,20.5
220721,14.0,050721,7.4,010721,20.3
220722,13.8,050722,6.6,020722,19.6
220723,13.5,050723,6.3,160723,18.8
220724,13.6,140724,7.0,970724,19.5
220725,13.5,090725,7.8,970725,19.8
220726,13.6,090726,8.5,970726,19.8
220727,13.6,960727,8.1,970727,20.1
220728,13.5,030728,7.1,970728,20.8
220729,13.5,030729,8.0,970729,20.7
220730,13.7,.,9.2,970730,19.8
220731,13.7,200731,8.3,970731,19.6
220801,13.7,940801,7.0,970801,20.1
220802,13.6,940802,8.3,970802,20.0
220803,13.8,040803,8.3,930803,20.0
220804,13.9,950804,8.6,970804,19.7
220805,13.9,030805,8.6,970805,19.9
220806,14.1,070806,8.9,970806,20.2
220807,13.9,120807,9.8,970807,19.6
220808,14.1,940808,9.2,990808,20.9
220809,13.9,940809,7.8,970809,22.2
220810,14.0,090810,9.7,970810,25.3
220811,14.2,980811,9.4,970811,27.0
220812,14.0,950812,8.4,970812,20.7
220813,14.0,950813,9.7,190813,20.3
220814,14.0,980814,7.0,970814,21.2
220815,13.8,980815,8.3,970815,19.7
220816,14.1,060816,8.9,970816,22.7
220817,13.9,030817,9.3,970817,23.2
220818,14.0,040818,8.0,970818,20.6
220819,13.9,930819,7.8,970819,19.3
220820,13.8,200820,8.6,970820,19.2
220821,13.9,990821,9.5,170821,19.7
220822,14.1,110822,9.4,170822,20.2
220823,14.0,090823,9.2,960823,19.5
220824,14.0,030824,8.4,970824,20.5
220825,14.1,210825,8.7,040825,20.5
220826,14.0,980826,7.3,020826,26.3
220827,14.3,070827,8.5,150827,21.9
220828,14.2,070828,9.3,130828,21.1
220829,14.3,070829,10.4,010829,21.6
220830,14.4,980830,8.9,040830,20.5
220831,14.3,050831,8.1,110831,20.6
220901,14.2,050901,8.3,110901,19.9
220902,14.3,940902,8.6,990902,20.2
220903,14.3,100903,9.0,180903,20.1
220904,14.3,070904,8.8,180904,20.8
220905,14.2,080905,9.5,970905,21.8
220906,14.4,080906,8.5,970906,20.2
220907,14.4,980907,8.4,940907,20.4
220908,14.4,980908,7.5,940908,21.7
220909,14.4,030909,9.3,130909,24.0
220910,14.4,030910,7.1,060910,19.5
220911,14.3,980911,9.9,150911,19.5
220912,14.4,140912,10.0,040912,20.6
220913,14.4,010913,8.6,110913,21.1
220914,14.3,170914,9.0,150914,20.8
220915,14.4,050915,9.6,150915,21.0
220916,14.4,050916,9.6,960916,21.2
220917,14.4,100917,9.5,970917,25.0
220918,14.4,100918,9.8,970918,24.2
220919,14.5,120919,10.1,970919,20.4
220920,14.5,130920,9.0,150920,20.5
220921,14.8,220921,9.8,.,21.1
220922,14.8,990922,10.0,000922,21.1
220923,14.8,070923,10.3,940923,20.4
220924,14.8,070924,11.1,020924,20.9
220925,14.7,050925,9.3,150925,20.8
220926,14.8,040926,10.9,970926,22.1
220927,14.9,070927,11.3,940927,21.2
220928,14.9,220928,10.2,100928,20.0
220929,15.0,980929,9.8,150929,21.0
220930,15.1,010930,9.9,970930,20.3
221001,14.9,991001,11.0,971001,22.0
221002,14.8,171002,10.9,961002,20.7
221003,15.0,071003,10.2,111003,20.6
221004,15.0,101004,9.9,171004,21.1
221005,15.0,971005,12.2,941005,23.6
221006,15.2,221006,11.5,161006,22.1
221007,15.2,211007,11.4,941007,21.0
221008,15.3,011008,11.2,011008,21.1
221009,15.3,971009,11.0,011009,20.7
221010,15.4,141010,11.6,941010,21.3
221011,15.2,951011,10.3,941011,20.3
221012,15.3,051011,12.5,971012,24.1
221013,15.5,961013,10.0,971013,25.7
221014,15.5,101014,10.3,031014,22.9
221015,15.5,111014,11.1,031015,20.8
221016,15.4,181016,10.6,141016,21.1
221017,15.4,111017,10.6,141017,21.1
221018,15.4,.,10.4,151018,21.7
221019,15.5,111018,11.3,971019,20.8
221020,15.6,111020,12.1,971020,20.0
221021,15.6,101021,11.7,031021,21.3
221022,15.8,121022,11.9,991022,21.4
221023,15.7,071023,10.9,011023,21.0
221024,15.8,001024,10.9,971024,20.1
221025,15.8,981025,12.0,141025,21.4
221026,16.0,171026,12.8,931026,22.8
221027,16.0,101027,12.8,161027,20.5
221028,16.1,111028,12.1,961028,21.2
221029,16.2,001029,12.2,091029,22.4
221030,16.2,071030,10.8,091030,22.3
221031,16.2,941031,11.4,991031,22.6
221101,16.3,931101,12.0,091101,23.6
221102,16.3,001102,10.8,941102,23.4
221103,16.4,011103,11.8,941103,21.7
221104,16.5,991104,12.7,161104,22.5
221105,16.4,071105,11.0,981105,21.1
221106,16.5,981106,13.1,981106,20.8
221107,16.7,071107,12.9,931107,22.6
221108,16.8,021108,12.8,971108,21.5
221109,16.7,111109,13.8,971109,21.3
221110,16.8,991110,13.4,971110,22.4
221111,16.8,021111,11.1,031111,21.0
221112,16.8,001112,12.0,081112,21.6
221113,16.9,041113,12.7,081113,21.9
221114,16.9,131114,12.2,081114,21.1
221115,17.1,001115,12.2,081115,21.4
221116,16.9,001116,11.4,971116,21.6
221117,16.9,001117,11.0,131117,21.4
221118,17.0,091118,12.3,971118,21.6
221119,17.2,941119,13.0,191119,22.8
221120,17.3,131120,13.4,961120,22.5
221121,17.2,011121,12.0,191121,22.5
221122,17.5,991122,12.8,191122,23.1
221123,17.6,961123,14.4,951123,21.9
221124,17.5,101124,12.8,971124,23.1
221125,17.6,931125,12.8,961125,23.5
221126,17.7,071126,12.8,031126,23.3
221127,17.6,011127,12.6,031127,22.6
221128,17.6,011128,12.9,031128,22.6
221129,17.7,011129,12.6,971129,22.9
221130,17.8,121130,13.4,971130,22.9
221201,17.7,071201,13.4,971201,22.4
221202,18.0,071202,13.8,971202,23.1
221203,18.0,991203,12.3,121203,23.9
221204,17.9,991204,13.3,131204,23.9
221205,17.9,991205,12.5,131205,23.5
221206,18.0,951206,13.9,971206,23.3
221207,18.0,051207,12.1,971207,23.7
221208,18.0,051208,12.7,971208,24.0
221209,18.1,071209,12.5,971209,25.1
221210,18.3,051210,13.0,971210,25.0
221211,18.1,211211,13.5,971211,24.4
221212,18.3,021212,13.3,971212,24.5
221213,18.7,961213,14.2,971213,25.1
221214,18.6,071214,13.8,041214,24.6
221215,18.6,071215,13.7,041215,25.2
221216,18.6,071216,12.8,971216,25.4
221217,18.8,071217,13.0,971217,25.4
221218,18.8,951218,14.4,011218,27.8
221219,18.8,981219,14.7,971219,24.7
221220,19.0,141220,14.5,001220,24.7
221221,18.9,951221,14.3,971221,25.3
221222,19.0,141222,13.8,971222,25.5
221223,19.1,951223,14.2,941223,25.0
221224,19.1,021224,13.2,971224,24.9
221225,19.3,141225,14.6,971225,25.6
221226,19.3,961226,14.0,971226,25.7
221227,19.4,121227,13.3,971227,25.6
221228,19.3,031228,14.2,971228,25.9
221229,19.4,121229,14.1,971229,25.5
221230,19.6,141230,14.3,961230,25.2
221231,19.6,021231,14.0,061231,26.3
230101,19.7,130101,14.9,070101,27.7
230102,19.6,030102,14.9,070102,25.0
230103,19.7,970103,15.0,980103,25.1
230104,19.7,030104,15.8,980104,25.5
230105,19.9,030105,14.8,170105,26.8
230106,20.0,940106,15.0,200106,27.5
230107,19.9,130107,14.6,980107,27.9
230108,20.0,130108,14.7,140108,27.2
230109,19.9,110109,14.9,140109,26.5
230110,20.0,960110,14.5,950110,25.9
230111,19.9,110111,15.0,050111,26.7
230112,19.9,950112,15.0,980112,26.0
230113,20.0,120113,15.1,950113,26.6
230114,20.1,990114,14.7,980114,26.1
230115,20.2,120115,15.0,980115,26.3
230116,20.3,120116,14.7,170116,26.8
230117,20.5,120117,15.3,980117,31.8
230118,20.4,990118,14.0,080118,27.4
230119,20.3,990119,14.7,170119,28.6
230120,20.3,110120,14.5,170120,27.7
230121,20.3,990121,14.7,170121,30.3
230122,20.3,960122,15.3,170122,28.3
230123,20.3,090123,15.6,170123,28.4
230124,20.4,020124,13.6,200124,28.3
230125,20.3,090125,15.3,170125,26.1
230126,20.3,020126,14.8,170126,29.3
230127,20.2,220127,15.1,170127,27.5
230128,20.4,070128,15.1,190128,27.2
230129,20.6,070129,14.7,030129,27.3
230130,20.5,970130,15.2,030130,28.2
230131,20.3,050131,13.8,160131,26.4
230201,20.4,050201,12.9,170201,27.0
230202,20.3,050202,12.9,170202,27.6
230203,20.2,050203,14.5,980203,26.0
230204,20.2,050204,14.0,980204,26.0
230205,20.3,970205,14.9,130205,26.0
230206,20.4,120206,14.7,130206,25.9
230207,20.2,050207,14.2,190207,25.6
230208,20.2,050208,14.5,130208,26.1
230209,20.2,000209,14.8,980209,26.8
230210,20.3,.,14.7,980210,26.7
230211,20.3,000211,15.1,120211,25.6
230212,20.2,220212,15.3,120212,27.5
230213,20.3,000213,15.0,010213,25.0
230214,20.3,050214,14.6,060214,26.8
230215,20.3,960215,14.7,060215,26.1
230216,20.2,960216,15.2,230216,26.4
230217,20.1,050217,14.9,010217,25.1
230218,20.2,000218,14.7,090218,25.7
230219,20.1,000219,14.9,150219,29.1
230220,20.2,130220,15.2,980220,25.6
230221,20.1,130221,14.3,980221,27.7
230222,20.1,070222,15.1,160222,28.0
230223,20.0,070223,14.9,170223,27.6
230224,20.0,120224,14.4,170224,27.0
230225,20.0,950225,14.4,170225,27.0
230226,20.0,080226,14.5,170226,27.6
230227,20.0,080227,14.1,170227,27.1
230228,19.8,950228,13.8,170228,25.8
230229,19.3,960229,14.9,160229,24.7
230301,19.7,950301,14.4,980301,25.2
230302,19.6,000302,14.4,970302,26.2
230303,19.8,000303,13.5,.,30.6
230304,19.8,000304,13.6,970304,27.9
230305,19.8,140305,14.0,970305,26.2
230306,19.8,070306,14.9,230306,26.1
230307,19.7,090307,14.7,230307,27.2
230308,19.6,070308,14.6,230308,25.9
230309,19.5,100309,14.7,000309,25.6
230310,19.4,070310,14.5,140310,24.6
230311,19.4,220311,14.9,200311,24.6
230312,19.5,080312,14.4,150312,25.6
230313,19.4,080313,13.9,990313,25.8
230314,19.2,080314,14.0,020314,25.0
230315,19.2,040315,13.5,980315,27.3
230316,19.2,050316,13.7,980316,25.4
230317,19.0,040317,13.4,150317,24.2
230318,19.0,940318,14.4,090318,24.8
230319,19.0,130319,13.5,230319,26.1
230320,18.8,080320,13.9,230320,24.4
230321,18.9,130321,13.9,150321,26.0
230322,18.7,180322,13.3,150322,24.1
230323,18.6,180323,13.7,150323,26.5
230324,18.7,220324,13.0,150324,26.6
230325,18.6,220325,12.6,230325,24.3
230326,18.4,060326,13.6,090326,23.9
230327,18.5,050327,13.2,040327,25.9
230328,18.3,060328,13.1,040328,23.6
230329,18.3,210329,13.2,000329,24.2
230330,18.2,070330,13.2,140330,26.1
230331,18.2,030331,13.0,100331,25.4
230401,18.3,220401,12.6,160401,23.8
230402,18.3,220402,12.7,230402,24.3
230403,18.2,030403,12.2,230403,23.8
230404,17.9,130404,11.9,980404,23.8
230405,17.8,030405,11.8,160405,23.6
230406,17.8,000406,12.3,970406,23.2
230407,17.7,000407,12.3,980407,24.8
230408,17.7,030408,10.0,980408,23.7
230409,17.7,000409,11.1,120409,27.7
230410,17.6,060410,11.5,120410,25.7
230411,17.4,060411,11.5,230411,23.8
230412,17.3,080412,10.9,000412,26.1
230413,17.4,050413,11.0,000413,28.3
230414,17.3,060414,11.4,000414,24.4
230415,17.1,130415,11.3,040415,22.6
230416,17.1,220416,11.0,150416,22.3
230417,16.9,220417,11.2,170417,22.6
230418,17.1,030418,11.5,150418,22.5
230419,17.0,030419,11.2,090419,23.6
230420,16.8,020420,11.4,120420,22.6
230421,16.7,080421,10.9,.,21.8
230422,16.7,000422,11.4,090422,22.8
230423,16.7,080423,11.2,060423,23.2
230424,16.9,130424,11.0,050424,24.7
230425,16.7,130425,11.3,050425,23.9
230426,16.3,960426,11.1,150426,21.4
230427,16.4,130427,10.9,120427,21.2
230428,16.2,960428,10.7,180428,23.7
230429,16.5,100429,10.6,970429,23.4
230430,16.2,010430,9.8,160430,22.5
230501,16.2,010501,9.6,100501,24.1
230502,16.0,010502,9.5,970502,22.1
230503,16.1,080503,8.7,970503,24.2
230504,16.2,080504,9.9,940504,23.3
230505,16.2,230505,10.3,010505,23.9
230506,16.2,000506,10.6,.,23.0
230507,16.2,230507,10.9,970507,26.7
230508,15.9,990508,10.6,970508,22.3
230509,15.9,070509,9.0,140509,21.8
230510,15.8,070510,7.9,170510,25.8
230511,15.9,010511,9.5,170511,25.0
230512,16.0,010512,8.6,170512,27.9
230513,16.0,070513,9.2,020513,22.4
230514,16.0,010514,9.3,000514,23.9
230515,15.8,130515,11.0,970515,22.3
230516,15.7,040516,9.1,970516,22.0
230517,15.6,040517,9.9,970517,21.2
230518,15.6,080518,9.2,970518,21.8
230519,15.6,070519,9.4,.,27.0
230520,15.5,000520,9.9,010520,22.4
230521,15.0,000521,9.5,970521,19.9
230522,15.0,000522,9.0,970522,22.2
230523,15.1,190523,9.5,970523,24.1
230524,15.1,040524,9.2,970524,21.1
230525,15.2,070525,9.4,020525,28.6
230526,15.2,040526,8.1,020526,25.7
230527,15.1,990527,9.0,190527,21.0
230528,15.2,080528,9.5,970528,22.6
230529,15.2,040529,8.2,200529,23.1
230530,15.1,070530,8.9,200530,21.9
230531,14.9,080531,8.3,970531,20.9
230601,14.9,090601,9.1,990601,20.5
230602,14.9,080602,9.1,160602,23.8
230603,15.0,220603,8.5,000603,22.0
230604,14.9,030604,9.5,970604,22.1
230605,14.8,040605,8.1,970605,20.7
230606,14.6,200605,9.5,970606,20.1
230607,14.6,040607,9.3,970607,21.0
230608,14.5,040608,7.7,970608,21.2
230609,14.4,140609,7.6,970609,21.3
230610,14.7,990610,8.8,970610,23.5
230611,14.8,140611,8.5,970611,20.7
230612,14.7,990612,8.9,970612,22.6
230613,14.5,060613,8.5,950613,20.8
230614,14.6,020614,7.9,.,21.4
230615,14.5,020615,8.7,950615,20.3
230616,14.5,190616,10.3,970616,21.4
230617,14.5,220617,8.6,970617,23.6
230618,14.5,020618,7.3,970618,21.3
230619,14.2,000619,7.4,970619,20.4
230620,14.3,000620,7.2,970620,21.9
230621,14.1,130621,8.2,150621,20.0
230622,14.2,130622,9.1,970622,20.2
230623,14.5,990623,8.7,000623,20.9
230624,14.2,060624,8.6,230624,22.3
230625,14.3,010625,7.5,230625,20.3
230626,14.4,130626,7.9,170626,22.2
230627,14.1,140627,7.4,980627,19.8
230628,14.2,960628,8.5,990628,20.3
230629,14.1,100629,6.1,230629,19.8
230630,14.0,.,8.2,.,19.4
230701,14.1,960701,8.3,230701,21.1
230702,14.0,960702,7.3,060702,20.4
230703,14.1,960702,8.5,060703,21.4
230704,14.2,990704,8.1,970704,21.1
230705,14.0,990705,7.8,970705,21.7
230706,14.1,120706,7.5,060706,22.7
230707,14.0,940707,6.7,970707,20.0
230708,14.1,940708,8.8,160708,20.8
230709,14.0,960709,8.8,160709,19.8
230710,13.9,000710,8.2,970710,21.4
230711,13.9,000711,7.5,970711,22.6
230712,13.9,000712,7.1,970712,20.0
230713,13.9,000713,8.6,230713,20.9
230714,14.0,990714,8.7,230714,21.1
230715,13.8,990715,9.0,230715,19.9
230716,13.6,090716,7.9,230716,19.0
230717,13.6,050717,7.5,970717,19.6
230718,13.5,.,5.9,060718,20.4
230719,13.6,100719,6.8,060719,20.5
230720,13.9,100720,6.0,060720,20.5
230721,14.0,050721,7.4,010721,20.3
230722,13.8,050722,6.6,020722,19.6
230723,13.6,050723,6.3,230723,19.9
230724,13.7,140724,7.0,970724,19.5
230725,13.6,090725,7.8,970725,19.8
230726,13.7,090726,8.5,970726,19.8
230727,13.7,960727,8.1,970727,20.1
230728,13.6,030728,7.1,970728,20.8
230729,13.6,030729,8.0,970729,20.7
230730,13.8,.,9.2,970730,19.8
230731,13.8,200731,8.3,970731,19.6
230801,13.8,940801,7.0,970801,20.1
230802,13.8,940802,8.3,230802,20.6
230803,13.9,040803,8.3,150803,19.7
230804,14.0,950804,8.6,970804,19.7
230805,14.0,030805,8.6,970805,19.9
230806,14.1,070806,8.9,970806,20.2
230807,14.0,120807,9.8,970807,19.6
230808,14.2,940808,9.2,990808,20.9
230809,13.9,940809,7.8,970809,22.2
230810,14.1,090810,9.7,970810,25.3
230811,14.2,980811,9.4,970811,27.0
230812,14.1,950812,8.4,970812,20.7
230813,14.0,950813,9.7,190813,20.3
230814,14.1,980814,7.0,970814,21.2
230815,13.9,980815,8.3,970815,19.7
230816,14.2,060816,8.9,970816,22.7
230817,14.0,030817,9.3,970817,23.2
230818,14.1,040818,8.0,970818,20.6
230819,14.1,200819,8.4,230819,19.8
230820,13.9,200820,8.6,230820,20.6
230821,14.0,990821,9.5,230821,19.9
230822,14.1,110822,9.4,170822,20.2
230823,14.1,090823,9.2,960823,19.5
230824,14.1,030824,8.4,970824,20.5
230825,14.2,210825,8.7,040825,20.5
230826,14.1,980826,7.3,020826,26.3
230827,14.3,070827,8.5,150827,21.9
230828,14.2,070828,9.3,130828,21.1
230829,14.4,070829,10.4,010829,21.6
230830,14.5,980830,8.9,040830,20.5
230831,14.3,050831,8.1,110831,20.6
230901,14.3,050901,8.3,110901,19.9
230902,14.4,940902,8.6,990902,20.2
230903,14.3,100903,9.0,180903,20.1
230904,14.3,070904,8.8,180904,20.8
230905,14.3,080905,9.5,970905,21.8
230906,14.4,080906,8.5,970906,20.2
230907,14.5,980907,8.4,940907,20.4
230908,14.5,980908,7.5,940908,21.7
230909,14.5,030909,9.3,130909,24.0
230910,14.5,030910,7.1,230910,23.9
230911,14.4,980911,9.9,150911,19.5
230912,14.4,140912,10.0,040912,20.6
230913,14.4,010913,8.6,110913,21.1
230914,14.3,170914,9.0,150914,20.8
230915,14.5,050915,9.6,230915,21.9
230916,14.5,050916,9.6,230916,22.0
230917,14.5,100917,9.5,970917,25.0
230918,14.5,100918,9.8,970918,24.2
230919,14.5,120919,10.1,970919,20.4
230920,14.6,130920,9.0,150920,20.5
230921,14.8,220921,9.8,.,21.1
230922,14.8,990922,10.0,000922,21.1
230923,14.8,070923,10.3,940923,20.4
230924,14.8,070924,11.1,020924,20.9
230925,14.8,050925,9.3,150925,20.8
230926,14.9,040926,10.9,970926,22.1
230927,14.9,070927,11.3,940927,21.2
230928,14.9,220928,10.2,100928,20.0
230929,14.9,980929,9.8,150929,21.0
230930,15.1,010930,9.9,970930,20.3
231001,14.9,991001,11.0,971001,22.0
231002,14.9,171002,10.9,961002,20.7
231003,15.0,071003,10.2,111003,20.6
231004,15.1,101004,9.9,171004,21.1
231005,15.1,971005,12.2,941005,23.6
231006,15.3,221006,11.5,161006,22.1
231007,15.2,211007,11.4,941007,21.0
231008,15.3,011008,11.2,011008,21.1
231009,15.3,971009,11.0,011009,20.7
231010,15.4,141010,11.6,941010,21.3
231011,15.3,951011,10.3,941011,20.3
231012,15.3,051011,12.5,971012,24.1
231013,15.5,961013,10.0,971013,25.7
231014,15.5,101014,10.3,031014,22.9
231015,15.5,111014,11.1,031015,20.8
231016,15.4,181016,10.6,141016,21.1
231017,15.4,111017,10.6,141017,21.1
231018,15.5,.,10.4,151018,21.7
231019,15.5,111018,11.3,971019,20.8
231020,15.7,111020,12.1,971020,20.0
231021,15.6,101021,11.7,031021,21.3
231022,15.8,121022,11.9,991022,21.4
231023,15.7,071023,10.9,011023,21.0
231024,15.8,001024,10.9,971024,20.1
231025,15.8,981025,12.0,141025,21.4
231026,16.0,171026,12.8,141026,21.8
231027,16.0,101027,12.8,161027,20.5
231028,16.1,111028,12.1,961028,21.2
231029,16.2,001029,12.2,091029,22.4
231030,16.2,071030,10.8,091030,22.3
231031,16.2,941031,11.4,991031,22.6
231101,16.3,021101,12.4,091101,23.6
231102,16.3,001102,10.8,941102,23.4
231103,16.4,011103,11.8,941103,21.7
231104,16.4,991104,12.7,161104,22.5
231105,16.4,071105,11.0,981105,21.1
231106,16.5,981106,13.1,981106,20.8
231107,16.6,071107,12.9,971107,21.6
231108,16.8,021108,12.8,971108,21.5
231109,16.8,111109,13.8,231109,23.3
231110,16.9,991110,13.4,971110,22.4
231111,16.8,021111,11.1,031111,21.0
231112,16.8,001112,12.0,081112,21.6
231113,16.9,041113,12.7,081113,21.9
231114,16.9,131114,12.2,081114,21.1
231115,17.1,001115,12.2,081115,21.4
231116,16.9,001116,11.4,971116,21.6
231117,16.9,001117,11.0,131117,21.4
231118,17.0,091118,12.3,971118,21.6
231119,17.2,941119,13.0,191119,22.8
231120,17.4,131120,13.4,961120,22.5
231121,17.2,011121,12.0,191121,22.5
231122,17.5,991122,12.8,191122,23.1
231123,17.6,961123,14.4,951123,21.9
231124,17.5,101124,12.8,971124,23.1
231125,17.6,001125,13.5,961125,23.5
231126,17.7,071126,12.8,031126,23.3
231127,17.6,011127,12.6,031127,22.6
231128,17.6,011128,12.9,031128,22.6
231129,17.7,011129,12.6,971129,22.9
231130,17.8,121130,13.4,971130,22.9
231201,17.7,071201,13.4,971201,22.4
231202,18.0,071202,13.8,971202,23.1
231203,17.9,991203,12.3,121203,23.9
231204,17.9,991204,13.3,131204,23.9
231205,17.9,991205,12.5,131205,23.5
231206,18.0,951206,13.9,971206,23.3
231207,18.0,051207,12.1,971207,23.7
231208,18.0,051208,12.7,971208,24.0
231209,18.1,071209,12.5,971209,25.1
231210,18.3,051210,13.0,971210,25.0
231211,18.1,211211,13.5,971211,24.4
231212,18.3,021212,13.3,971212,24.5
231213,18.7,961213,14.2,971213,25.1
231214,18.6,071214,13.8,041214,24.6
231215,18.6,071215,13.7,041215,25.2
231216,18.6,071216,12.8,971216,25.4
231217,18.9,071217,13.0,971217,25.4
231218,18.8,951218,14.4,011218,27.8
231219,18.9,981219,14.7,971219,24.7
231220,19.0,141220,14.5,001220,24.7
231221,18.9,951221,14.3,971221,25.3
231222,19.0,141222,13.8,971222,25.5
231223,19.1,951223,14.2,941223,25.0
231224,19.1,021224,13.2,971224,24.9
231225,19.3,141225,14.6,971225,25.6
231226,19.4,961226,14.0,971226,25.7
231227,19.3,121227,13.3,971227,25.6
231228,19.3,031228,14.2,971228,25.9
231229,19.4,121229,14.1,971229,25.5
231230,19.6,141230,14.3,961230,25.2
231231,19.6,021231,14.0,061231,26.3
